ore_ont_9805.owl,1641,0.009955406
ore_ont_2936.owl,1677.666667,0.011185646
ore_ont_11949.owl,1802.666667,0.011367798
ore_ont_8662.owl,1564,0.011396408
ore_ont_15971.owl,1361.333333,0.013119698
ore_ont_8937.owl,1840.333333,0.013222694
ore_ont_580.owl,1656.333333,0.01362133
ore_ont_9509.owl,1487.666667,0.013623238
ore_ont_7839.owl,1901.333333,0.013997078
ore_ont_10309.owl,1674.333333,0.01426506
ore_ont_13503.owl,1861.666667,0.015381813
ore_ont_480.owl,1921.666667,0.015414238
ore_ont_14746.owl,1918.333333,0.015509605
ore_ont_15331.owl,1576.666667,0.01590538
ore_ont_1420.owl,1865.666667,0.015908241
ore_ont_1526.owl,1538.333333,0.016000748
ore_ont_4856.owl,2076.666667,0.016196251
ore_ont_2485.owl,1563.666667,0.016227722
ore_ont_5107.owl,2946.333333,0.016646385
ore_ont_7639.owl,1955.333333,0.017644882
ore_ont_13429.owl,1846.666667,0.017729759
ore_ont_9854.owl,1563.666667,0.018112183
ore_ont_15167.owl,1792,0.018439293
ore_ont_13306.owl,1949.333333,0.019233704
ore_ont_5292.owl,1840,0.019784927
ore_ont_5255.owl,1630.666667,0.019879341
ore_ont_8667.owl,1867,0.019956589
ore_ont_8974.owl,1404.333333,0.020407677
ore_ont_3330.owl,1580,0.021100044
ore_ont_15399.owl,1922.666667,0.02162075
ore_ont_1967.owl,1929.666667,0.02162075
ore_ont_5852.owl,1739.333333,0.021709442
ore_ont_10174.owl,1741,0.021920204
ore_ont_13392.owl,1859.666667,0.022014618
ore_ont_3671.owl,1848,0.02229023
ore_ont_3909.owl,1794,0.022433281
ore_ont_2036.owl,2085,0.022627831
ore_ont_508.owl,2022,0.022838593
ore_ont_9867.owl,1575,0.023194313
ore_ont_16351.owl,1913.333333,0.023312569
ore_ont_12957.owl,1627.666667,0.023442268
ore_ont_15318.owl,1672.666667,0.02349472
ore_ont_6635.owl,1968,0.02355957
ore_ont_16850.owl,1719.666667,0.023664474
ore_ont_4106.owl,1814,0.024169922
ore_ont_2038.owl,1860.333333,0.024378777
ore_ont_3842.owl,1829.333333,0.024546623
ore_ont_9709.owl,1820.666667,0.025021553
ore_ont_13204.owl,1611.333333,0.025242805
ore_ont_10321.owl,1431.333333,0.025396347
ore_ont_12360.owl,1611,0.025612831
ore_ont_5646.owl,1686.333333,0.02586937
ore_ont_13277.owl,1607.666667,0.026074409
ore_ont_9600.owl,-1,0.026443481
ore_ont_3341.owl,1805.333333,0.026949883
ore_ont_8169.owl,1419.333333,0.02702713
ore_ont_14931.owl,2054,0.027182579
ore_ont_6461.owl,1489,0.027201653
ore_ont_10019.owl,3447,0.027533531
ore_ont_14128.owl,1591.333333,0.02781105
ore_ont_8128.owl,1796,0.027915001
ore_ont_15667.owl,1506,0.028646469
ore_ont_4855.owl,1669.333333,0.028727531
ore_ont_7482.owl,1801.666667,0.028828621
ore_ont_16076.owl,1546.333333,0.028907776
ore_ont_7270.owl,1523,0.029190063
ore_ont_14328.owl,1618,0.029305458
ore_ont_16461.owl,1924.666667,0.029649734
ore_ont_15800.owl,1579,0.030033112
ore_ont_9635.owl,2078.333333,0.030241966
ore_ont_13018.owl,1424.333333,0.030282021
ore_ont_16167.owl,1667,0.030316353
ore_ont_11834.owl,1727.666667,0.030785561
ore_ont_9422.owl,1564,0.030792236
ore_ont_1222.owl,1989,0.031075478
ore_ont_13643.owl,1892,0.031438828
ore_ont_15210.owl,2050.333333,0.031506538
ore_ont_11357.owl,1956,0.031642914
ore_ont_13483.owl,1630,0.031671524
ore_ont_8047.owl,1880,0.031824112
ore_ont_9994.owl,1653.333333,0.032748222
ore_ont_1618.owl,1905,0.032772064
ore_ont_7464.owl,1755.333333,0.033042908
ore_ont_6735.owl,1927,0.033122063
ore_ont_10176.owl,1872.666667,0.033153534
ore_ont_15229.owl,1689.333333,0.033294678
ore_ont_12101.owl,1904.333333,0.033556938
ore_ont_14486.owl,1736,0.033615112
ore_ont_8094.owl,1750.333333,0.034194946
ore_ont_714.owl,2070.666667,0.03460598
ore_ont_10264.owl,1828.333333,0.034766197
ore_ont_13737.owl,2067,0.034983635
ore_ont_5696.owl,1655,0.035009384
ore_ont_3806.owl,2336.333333,0.035348892
ore_ont_3504.owl,1958,0.035422325
ore_ont_2652.owl,1711,0.036220551
ore_ont_2654.owl,1858,0.036276817
ore_ont_3250.owl,2180.666667,0.036336899
ore_ont_8335.owl,1596,0.036380768
ore_ont_2775.owl,2050.333333,0.036419868
ore_ont_3082.owl,1548,0.036505699
ore_ont_9031.owl,1567.333333,0.036572456
ore_ont_8665.owl,1658,0.037534714
ore_ont_16827.owl,2136,0.037611961
ore_ont_11380.owl,1884.333333,0.038036346
ore_ont_13759.owl,2001.666667,0.038075447
ore_ont_2012.owl,2349,0.038243294
ore_ont_7517.owl,1981.333333,0.038250923
ore_ont_13530.owl,1524.666667,0.038259506
ore_ont_10413.owl,1640,0.038767815
ore_ont_4724.owl,1956,0.038805962
ore_ont_4223.owl,1810.333333,0.039215088
ore_ont_12906.owl,1794.666667,0.039293289
ore_ont_14588.owl,1757.666667,0.039333344
ore_ont_15993.owl,1800000,0.03950882
ore_ont_3463.owl,1450,0.039715767
ore_ont_5303.owl,3678.666667,0.039948463
ore_ont_12118.owl,1772.333333,0.040076256
ore_ont_12948.owl,1966.333333,0.040216446
ore_ont_11895.owl,1871.333333,0.040575981
ore_ont_14412.owl,1728,0.040875435
ore_ont_5090.owl,1965,0.040980339
ore_ont_10536.owl,1992,0.041053772
ore_ont_7969.owl,1854.333333,0.041288376
ore_ont_2876.owl,1466,0.041409492
ore_ont_1524.owl,1575.333333,0.041416168
ore_ont_15145.owl,1479.333333,0.041545868
ore_ont_2697.owl,1863.666667,0.041545868
ore_ont_11866.owl,2111.666667,0.041638374
ore_ont_3775.owl,1490,0.041808128
ore_ont_9462.owl,1975.333333,0.041861534
ore_ont_8666.owl,2424.333333,0.041905403
ore_ont_7962.owl,1830,0.041946411
ore_ont_1997.owl,3560,0.042285919
ore_ont_4897.owl,2195.666667,0.042290688
ore_ont_11133.owl,1912.333333,0.042340279
ore_ont_15160.owl,1795.666667,0.042394638
ore_ont_15421.owl,1855.666667,0.042691231
ore_ont_1746.owl,1652.666667,0.042771339
ore_ont_14926.owl,1539,0.0429039
ore_ont_15576.owl,1950.333333,0.042905807
ore_ont_10407.owl,2315,0.042994499
ore_ont_9941.owl,2524,0.042994499
ore_ont_1662.owl,1810.333333,0.04311657
ore_ont_14273.owl,2269,0.043377876
ore_ont_11522.owl,1745.333333,0.043534279
ore_ont_10823.owl,1539.666667,0.043901443
ore_ont_13524.owl,2033.333333,0.043941498
ore_ont_420.owl,1962.333333,0.044047356
ore_ont_7417.owl,2092.333333,0.044070244
ore_ont_12653.owl,2852.333333,0.044107437
ore_ont_14831.owl,2057.666667,0.044139862
ore_ont_16594.owl,2591.666667,0.044215202
ore_ont_3592.owl,1652.333333,0.044241905
ore_ont_8226.owl,1573.333333,0.044486046
ore_ont_6485.owl,3986,0.044532776
ore_ont_8806.owl,1558.666667,0.044763565
ore_ont_6812.owl,1370.333333,0.044766426
ore_ont_5742.owl,1868,0.044766426
ore_ont_6207.owl,1749.666667,0.044810295
ore_ont_9736.owl,1991,0.044822693
ore_ont_5089.owl,1976,0.044946671
ore_ont_6333.owl,2708.333333,0.045017242
ore_ont_14826.owl,2035.666667,0.045140266
ore_ont_2837.owl,1620,0.045214653
ore_ont_6855.owl,1410.333333,0.045291901
ore_ont_10088.owl,1560.333333,0.045377731
ore_ont_3639.owl,2052,0.045467377
ore_ont_11497.owl,2781.333333,0.045681953
ore_ont_385.owl,2072.666667,0.045794487
ore_ont_11676.owl,1637.666667,0.046072006
ore_ont_11291.owl,1810.333333,0.046477318
ore_ont_15461.owl,1664.333333,0.046690941
ore_ont_12584.owl,2061.666667,0.046766281
ore_ont_3936.owl,2169.333333,0.046826363
ore_ont_5258.owl,1759,0.046886444
ore_ont_3260.owl,1800.666667,0.046938896
ore_ont_2557.owl,2057.666667,0.047329903
ore_ont_258.owl,2026.333333,0.047567368
ore_ont_9666.owl,1725,0.047623634
ore_ont_6260.owl,2061.666667,0.048434258
ore_ont_6470.owl,1749,0.048440933
ore_ont_5572.owl,1702.333333,0.048447609
ore_ont_10537.owl,1672.666667,0.048454285
ore_ont_11523.owl,2129,0.048454285
ore_ont_16359.owl,2130.333333,0.048454285
ore_ont_2989.owl,2135.333333,0.048454285
ore_ont_9002.owl,1710.333333,0.04846096
ore_ont_3270.owl,1717.666667,0.04846096
ore_ont_10888.owl,1944.666667,0.04846096
ore_ont_6617.owl,2072.333333,0.04846096
ore_ont_16855.owl,2078.666667,0.04846096
ore_ont_202.owl,2086.333333,0.048473358
ore_ont_4193.owl,2121.333333,0.048480988
ore_ont_13680.owl,1695,0.048491478
ore_ont_5159.owl,2044.333333,0.048491478
ore_ont_4428.owl,2080.333333,0.048491478
ore_ont_1902.owl,2091.666667,0.048491478
ore_ont_1944.owl,1961.333333,0.0484972
ore_ont_11972.owl,2120.333333,0.0484972
ore_ont_11901.owl,2151.333333,0.0484972
ore_ont_8951.owl,1821,0.048502922
ore_ont_14848.owl,2056.333333,0.048508644
ore_ont_4936.owl,1794.666667,0.048514366
ore_ont_11929.owl,2026.333333,0.048514366
ore_ont_3789.owl,1775.666667,0.04852581
ore_ont_3852.owl,2088.333333,0.048531532
ore_ont_16289.owl,1680.666667,0.048548698
ore_ont_3987.owl,1809,0.048548698
ore_ont_16723.owl,1507,0.048705101
ore_ont_3128.owl,1552.666667,0.049090385
ore_ont_13132.owl,3522.666667,0.049215317
ore_ont_16626.owl,2011,0.049843788
ore_ont_3455.owl,1992.666667,0.049921989
ore_ont_13885.owl,1656.333333,0.050021172
ore_ont_16274.owl,2106,0.051250458
ore_ont_7003.owl,1702.666667,0.051400185
ore_ont_3205.owl,1566,0.051538467
ore_ont_11639.owl,1542.333333,0.051791191
ore_ont_16267.owl,1677.333333,0.052546501
ore_ont_6378.owl,1690,0.052560806
ore_ont_11003.owl,1920.666667,0.052688599
ore_ont_16630.owl,1786.666667,0.052877426
ore_ont_10388.owl,2593.333333,0.052881241
ore_ont_11296.owl,1662,0.052923203
ore_ont_16814.owl,2426.666667,0.053016663
ore_ont_304.owl,2334.666667,0.053268433
ore_ont_105.owl,1725.333333,0.053339005
ore_ont_12107.owl,1910.666667,0.053482056
ore_ont_178.owl,1893.333333,0.053489685
ore_ont_14327.owl,1603.333333,0.053744316
ore_ont_7394.owl,2005.666667,0.054781914
ore_ont_16197.owl,1806,0.054853439
ore_ont_541.owl,1800000,0.055139542
ore_ont_12150.owl,1641.666667,0.055167198
ore_ont_10894.owl,2224.333333,0.055178642
ore_ont_9904.owl,1773.666667,0.055239677
ore_ont_9928.owl,1769.333333,0.05543232
ore_ont_5978.owl,1975.666667,0.05547142
ore_ont_1342.owl,1799,0.055664063
ore_ont_10752.owl,1869,0.05598259
ore_ont_6338.owl,2125,0.056444168
ore_ont_7073.owl,1881.333333,0.056450844
ore_ont_10362.owl,1751.666667,0.056861877
ore_ont_7789.owl,1781,0.057133675
ore_ont_13064.owl,2063,0.057541847
ore_ont_1988.owl,1557.333333,0.057783127
ore_ont_16010.owl,1740,0.058682442
ore_ont_3281.owl,2260.333333,0.058772087
ore_ont_7525.owl,1893,0.059046745
ore_ont_11004.owl,1533.333333,0.059343338
ore_ont_10340.owl,2227.333333,0.059736252
ore_ont_12007.owl,1568.333333,0.059829712
ore_ont_3258.owl,2775.666667,0.060759544
ore_ont_11125.owl,1727.666667,0.061001778
ore_ont_4767.owl,1820,0.061747551
ore_ont_2753.owl,1760.666667,0.061982155
ore_ont_14816.owl,2192,0.062423706
ore_ont_7800.owl,1922.333333,0.062543869
ore_ont_10199.owl,1951.666667,0.062543869
ore_ont_10769.owl,1809.666667,0.062706947
ore_ont_3053.owl,-1,0.062726974
ore_ont_13053.owl,1946.666667,0.062883377
ore_ont_11010.owl,1702,0.0629673
ore_ont_13077.owl,-1,0.063037872
ore_ont_10285.owl,1940.666667,0.063189507
ore_ont_8166.owl,1712.666667,0.063266754
ore_ont_5404.owl,2320,0.063384056
ore_ont_6495.owl,1839.333333,0.06372261
ore_ont_11203.owl,2062.666667,0.064647675
ore_ont_14517.owl,1789.333333,0.06469059
ore_ont_14379.owl,2053.333333,0.064814568
ore_ont_15737.owl,2724.666667,0.066074371
ore_ont_15672.owl,6870,0.06689167
ore_ont_11401.owl,2138.666667,0.066894531
ore_ont_7576.owl,2122,0.067245483
ore_ont_185.owl,7387.666667,0.067438126
ore_ont_13066.owl,2041,0.067617416
ore_ont_2229.owl,1949.333333,0.06803894
ore_ont_8949.owl,1544,0.068053246
ore_ont_778.owl,4132.333333,0.068241119
ore_ont_11533.owl,2218.666667,0.068335533
ore_ont_5679.owl,1941.333333,0.068338394
ore_ont_9557.owl,2184,0.068536758
ore_ont_10805.owl,1899.666667,0.068544388
ore_ont_15882.owl,1675,0.068701744
ore_ont_6796.owl,1945,0.069039345
ore_ont_11592.owl,1772.333333,0.069140434
ore_ont_14325.owl,2053,0.069501877
ore_ont_16670.owl,1748.333333,0.069554329
ore_ont_10355.owl,1811,0.069828033
ore_ont_10833.owl,2194,0.069930077
ore_ont_10580.owl,2205.666667,0.069970131
ore_ont_6859.owl,2086.333333,0.07006073
ore_ont_1866.owl,2110.333333,0.070123672
ore_ont_14518.owl,1954.666667,0.070383072
ore_ont_6246.owl,2117.666667,0.070649147
ore_ont_2662.owl,1970,0.071311951
ore_ont_2228.owl,1855.333333,0.071349144
ore_ont_16268.owl,1782.333333,0.071440697
ore_ont_9689.owl,2153.333333,0.071494102
ore_ont_10516.owl,1678.333333,0.07162571
ore_ont_3263.owl,3009.666667,0.072236061
ore_ont_12824.owl,1765,0.072280884
ore_ont_14348.owl,2365.666667,0.07240963
ore_ont_3770.owl,2204.333333,0.073610306
ore_ont_338.owl,1653.666667,0.073960304
ore_ont_6589.owl,2175,0.074029922
ore_ont_7890.owl,1939.333333,0.074233055
ore_ont_9204.owl,1873.666667,0.07519722
ore_ont_13301.owl,1993.333333,0.075233459
ore_ont_15068.owl,2087,0.075428963
ore_ont_13129.owl,1769,0.075595856
ore_ont_13740.owl,1968.666667,0.075997353
ore_ont_4035.owl,2933.333333,0.0760746
ore_ont_8119.owl,2181.333333,0.076404572
ore_ont_16777.owl,2325.333333,0.07645607
ore_ont_5074.owl,2057,0.076976776
ore_ont_16033.owl,2108,0.076976776
ore_ont_13799.owl,2528,0.077070236
ore_ont_10681.owl,1780.333333,0.077157021
ore_ont_5665.owl,2012,0.07728672
ore_ont_11149.owl,1943.666667,0.077337265
ore_ont_7901.owl,1935.666667,0.07735157
ore_ont_12323.owl,2073.333333,0.077819824
ore_ont_5263.owl,1872.333333,0.078068733
ore_ont_14800.owl,1680,0.078626633
ore_ont_3418.owl,1713.666667,0.078689575
ore_ont_10056.owl,2145,0.078709602
ore_ont_1430.owl,2211.333333,0.078774452
ore_ont_7373.owl,2141,0.07884407
ore_ont_7663.owl,1716.666667,0.079034805
ore_ont_11526.owl,2310.666667,0.079485893
ore_ont_8369.owl,1983.666667,0.079507828
ore_ont_16535.owl,11721.33333,0.079651833
ore_ont_3292.owl,1955.333333,0.080003738
ore_ont_9088.owl,1861,0.080101967
ore_ont_11392.owl,2046.666667,0.080179214
ore_ont_430.owl,2243.333333,0.080674171
ore_ont_14175.owl,1968.666667,0.080762863
ore_ont_4382.owl,2256.666667,0.08164978
ore_ont_1898.owl,1752.333333,0.082362175
ore_ont_14341.owl,2196.333333,0.08298111
ore_ont_5932.owl,1901,0.084041595
ore_ont_12415.owl,2168,0.084641457
ore_ont_2237.owl,2285.333333,0.084702492
ore_ont_4133.owl,2166,0.084906578
ore_ont_13872.owl,3080.333333,0.084935188
ore_ont_85.owl,1643.333333,0.08579731
ore_ont_13234.owl,1721,0.086175919
ore_ont_6368.owl,2086,0.08638382
ore_ont_1034.owl,2287,0.086577415
ore_ont_15103.owl,2053.666667,0.087164879
ore_ont_16730.owl,2192.333333,0.08724308
ore_ont_3884.owl,1994.333333,0.087392807
ore_ont_6981.owl,2379,0.087495804
ore_ont_13704.owl,1703,0.087766647
ore_ont_13833.owl,1991.666667,0.088366508
ore_ont_15514.owl,57693,0.088784218
ore_ont_2066.owl,2144.666667,0.088907242
ore_ont_9695.owl,1921,0.088954926
ore_ont_5604.owl,2766,0.089069366
ore_ont_1823.owl,2805.333333,0.089256287
ore_ont_13584.owl,2931.333333,0.089302063
ore_ont_3780.owl,1640,0.089781761
ore_ont_13097.owl,2359.666667,0.090174675
ore_ont_15291.owl,2408.333333,0.090218544
ore_ont_5204.owl,2260,0.090689659
ore_ont_8578.owl,2740.666667,0.090725899
ore_ont_8462.owl,1971.333333,0.090744972
ore_ont_10009.owl,2066.333333,0.091417313
ore_ont_568.owl,2742,0.091444969
ore_ont_15058.owl,1852.666667,0.091645241
ore_ont_12253.owl,2022.333333,0.091677666
ore_ont_4719.owl,2426.333333,0.091687202
ore_ont_3022.owl,2228.333333,0.091781616
ore_ont_2678.owl,1853.333333,0.091896057
ore_ont_12369.owl,1930,0.091914177
ore_ont_16501.owl,2600.333333,0.092355728
ore_ont_703.owl,2366.666667,0.092580795
ore_ont_5509.owl,1613.666667,0.092588425
ore_ont_12379.owl,2383.666667,0.09276104
ore_ont_165.owl,1663,0.093152046
ore_ont_6889.owl,2080.666667,0.093570709
ore_ont_16321.owl,-1,0.094017982
ore_ont_11371.owl,2265.666667,0.094668388
ore_ont_5184.owl,1999.666667,0.095960617
ore_ont_7988.owl,1948.333333,0.096748352
ore_ont_3832.owl,1966,0.096868515
ore_ont_15010.owl,2394.666667,0.096977234
ore_ont_12112.owl,2090,0.097485542
ore_ont_16188.owl,2129.333333,0.097522736
ore_ont_8781.owl,1799.333333,0.097536087
ore_ont_13398.owl,3801.666667,0.098301888
ore_ont_7011.owl,4039,0.098547935
ore_ont_13772.owl,1899.666667,0.098686218
ore_ont_6417.owl,2281.333333,0.099299431
ore_ont_13100.owl,2092.666667,0.099331856
ore_ont_10431.owl,1564,0.099534035
ore_ont_7179.owl,-1,0.09969902
ore_ont_4918.owl,2061.666667,0.100578308
ore_ont_16166.owl,1971.666667,0.101698875
ore_ont_5966.owl,2188.666667,0.101977348
ore_ont_8189.owl,2167,0.102927208
ore_ont_15596.owl,2881.666667,0.103110313
ore_ont_7894.owl,2124.333333,0.103541374
ore_ont_1793.owl,2532.666667,0.103597641
ore_ont_231.owl,1950.333333,0.103899956
ore_ont_8975.owl,2714.333333,0.104056358
ore_ont_10571.owl,2188.666667,0.10406208
ore_ont_14185.owl,1716.666667,0.104211807
ore_ont_7730.owl,2447.666667,0.105072975
ore_ont_15231.owl,2170.666667,0.10512352
ore_ont_9690.owl,2078.333333,0.105168343
ore_ont_8362.owl,-1,0.105401039
ore_ont_12566.owl,2534,0.105553627
ore_ont_2303.owl,2209,0.10578537
ore_ont_13805.owl,2220.666667,0.106516838
ore_ont_1494.owl,1777,0.106619835
ore_ont_4668.owl,1811,0.106883049
ore_ont_7820.owl,2021.333333,0.10759449
ore_ont_4388.owl,1937,0.107639313
ore_ont_7995.owl,1865,0.10813427
ore_ont_9012.owl,2760.666667,0.108344078
ore_ont_3060.owl,2214.666667,0.109334946
ore_ont_3843.owl,2532.333333,0.109419823
ore_ont_14924.owl,2773,0.109423637
ore_ont_12061.owl,1633.333333,0.109440804
ore_ont_7668.owl,3863.333333,0.109841347
ore_ont_15217.owl,1839.333333,0.110175133
ore_ont_5164.owl,2393.666667,0.110208511
ore_ont_1172.owl,1907.666667,0.110795975
ore_ont_11978.owl,2012.333333,0.110795975
ore_ont_8502.owl,2197.666667,0.110889435
ore_ont_3708.owl,2072,0.111894608
ore_ont_11504.owl,1877,0.112117767
ore_ont_9783.owl,2356.333333,0.113173485
ore_ont_5033.owl,2278.666667,0.113692284
ore_ont_11416.owl,2285.666667,0.114704132
ore_ont_1853.owl,2282,0.114746094
ore_ont_14388.owl,2679.666667,0.115059853
ore_ont_8327.owl,2191.666667,0.115140915
ore_ont_16054.owl,1636.666667,0.115626335
ore_ont_394.owl,1800000,0.116458893
ore_ont_13035.owl,2315,0.117129326
ore_ont_12382.owl,2684,0.117323875
ore_ont_2526.owl,1945,0.117588043
ore_ont_12721.owl,2216.666667,0.118132591
ore_ont_5205.owl,2157.666667,0.11839962
ore_ont_3411.owl,3254.333333,0.11862278
ore_ont_3966.owl,2215,0.118634224
ore_ont_1869.owl,2342,0.11913681
ore_ont_637.owl,2225.333333,0.119280815
ore_ont_2182.owl,8624,0.119364738
ore_ont_12342.owl,2714.333333,0.120037079
ore_ont_6615.owl,2079.333333,0.120285034
ore_ont_11792.owl,1804,0.120774269
ore_ont_2713.owl,1832.333333,0.121087074
ore_ont_2608.owl,2376.666667,0.12140274
ore_ont_7418.owl,2017,0.121437073
ore_ont_16481.owl,4900.666667,0.121751785
ore_ont_16847.owl,2440,0.123185158
ore_ont_14883.owl,7648.666667,0.123905182
ore_ont_1325.owl,2237,0.124056816
ore_ont_4875.owl,2215.666667,0.124817848
ore_ont_8460.owl,4505.666667,0.124827385
ore_ont_2456.owl,2286,0.124879837
ore_ont_2744.owl,2234.666667,0.124902725
ore_ont_1784.owl,2843.666667,0.124908447
ore_ont_6067.owl,2340.333333,0.125915527
ore_ont_4315.owl,2477.333333,0.126576424
ore_ont_7339.owl,2082.333333,0.127472878
ore_ont_10109.owl,3096.666667,0.128470421
ore_ont_11889.owl,2015,0.128619194
ore_ont_10314.owl,2222.333333,0.128706932
ore_ont_13897.owl,2463.666667,0.129559517
ore_ont_630.owl,2338,0.130607605
ore_ont_14936.owl,2683.333333,0.130818367
ore_ont_9024.owl,2590.333333,0.132800102
ore_ont_11064.owl,3078.333333,0.132975578
ore_ont_1537.owl,2388.666667,0.13301754
ore_ont_12141.owl,2865.333333,0.133375168
ore_ont_9154.owl,2265.333333,0.133568764
ore_ont_4516.owl,2850.666667,0.134510994
ore_ont_10460.owl,1800000,0.134870529
ore_ont_13887.owl,2261.333333,0.135601997
ore_ont_5057.owl,2361.333333,0.136487961
ore_ont_2017.owl,2011,0.137404442
ore_ont_2672.owl,2290.666667,0.13788414
ore_ont_15652.owl,1793.666667,0.137966156
ore_ont_7342.owl,2072,0.137983322
ore_ont_14901.owl,2165,0.138494492
ore_ont_14381.owl,2242.666667,0.138711929
ore_ont_6542.owl,1752,0.139140129
ore_ont_3259.owl,2471.333333,0.139598846
ore_ont_6258.owl,3317.333333,0.139815331
ore_ont_2556.owl,2579,0.140053749
ore_ont_2860.owl,2251,0.140794754
ore_ont_5014.owl,-1,0.141154289
ore_ont_5216.owl,2333.666667,0.141402245
ore_ont_6272.owl,7592.333333,0.141819
ore_ont_1705.owl,1991.666667,0.141903877
ore_ont_9054.owl,3128.333333,0.142315865
ore_ont_13762.owl,1737.666667,0.142325401
ore_ont_2063.owl,1981.333333,0.142784119
ore_ont_934.owl,21435.66667,0.143539429
ore_ont_586.owl,1817.666667,0.143626213
ore_ont_13581.owl,2592.666667,0.14366436
ore_ont_10162.owl,1730.666667,0.144441605
ore_ont_16708.owl,3031,0.144540787
ore_ont_3685.owl,3125.666667,0.144820213
ore_ont_1834.owl,2022.333333,0.145123482
ore_ont_5774.owl,1907.666667,0.14547348
ore_ont_10320.owl,2231.666667,0.146113396
ore_ont_6983.owl,2403,0.146237373
ore_ont_6696.owl,2083.333333,0.146554947
ore_ont_3892.owl,2484.666667,0.146861076
ore_ont_1461.owl,2614.333333,0.147105217
ore_ont_13657.owl,2403.333333,0.147249222
ore_ont_11016.owl,2263,0.147634506
ore_ont_5359.owl,5552,0.148173332
ore_ont_8141.owl,5202.333333,0.14817524
ore_ont_15682.owl,12068.33333,0.149443626
ore_ont_8021.owl,2160.333333,0.149706841
ore_ont_11577.owl,2374.666667,0.151045799
ore_ont_14321.owl,2199,0.152175903
ore_ont_14272.owl,2639.666667,0.153848648
ore_ont_8948.owl,2436,0.154686928
ore_ont_16191.owl,2575,0.155234337
ore_ont_1728.owl,1908,0.157838821
ore_ont_13383.owl,2716,0.158116341
ore_ont_16115.owl,2039.333333,0.158559799
ore_ont_5564.owl,2319.666667,0.158894539
ore_ont_8355.owl,1900.666667,0.159667015
ore_ont_11554.owl,1800000,0.160445213
ore_ont_11694.owl,2362,0.160877228
ore_ont_155.owl,2591.333333,0.160883904
ore_ont_2901.owl,1800000,0.161143303
ore_ont_6024.owl,1951.333333,0.161223412
ore_ont_3726.owl,2339.666667,0.161898613
ore_ont_7278.owl,2010.666667,0.162013054
ore_ont_3349.owl,2816,0.162567139
ore_ont_4898.owl,2494,0.164106369
ore_ont_2488.owl,2819.666667,0.166217804
ore_ont_1756.owl,2074,0.167186737
ore_ont_4032.owl,2339,0.16724205
ore_ont_3566.owl,2427.333333,0.168049812
ore_ont_6999.owl,2624,0.168276787
ore_ont_1958.owl,4538.333333,0.168330193
ore_ont_6967.owl,3118,0.168434143
ore_ont_4671.owl,1854,0.169932365
ore_ont_10230.owl,2101.333333,0.170475006
ore_ont_15753.owl,1820.666667,0.170666695
ore_ont_10908.owl,1800000,0.17171669
ore_ont_13898.owl,2600.333333,0.172951698
ore_ont_6857.owl,2954.333333,0.173027992
ore_ont_9864.owl,2482.666667,0.173567772
ore_ont_2720.owl,1932,0.174868584
ore_ont_12932.owl,2194.666667,0.175461769
ore_ont_12831.owl,2409.666667,0.175785065
ore_ont_2195.owl,2626.666667,0.177664757
ore_ont_15933.owl,2374.333333,0.177743912
ore_ont_4983.owl,2219.666667,0.177899361
ore_ont_7220.owl,2079.666667,0.177991867
ore_ont_13954.owl,6508.666667,0.178937912
ore_ont_3352.owl,2031.333333,0.179057121
ore_ont_3010.owl,8427.666667,0.179931641
ore_ont_8631.owl,1800000,0.181022644
ore_ont_1931.owl,2729,0.181619644
ore_ont_16821.owl,2268.333333,0.182749748
ore_ont_4827.owl,2753,0.183050156
ore_ont_9240.owl,8834,0.183648109
ore_ont_15413.owl,2417.666667,0.185070992
ore_ont_4074.owl,1689,0.185786247
ore_ont_3301.owl,2746,0.187353134
ore_ont_5220.owl,2018.666667,0.18747139
ore_ont_5324.owl,2261.333333,0.187511444
ore_ont_6278.owl,2992,0.1882658
ore_ont_4354.owl,3053.333333,0.188695908
ore_ont_15575.owl,2958.666667,0.189144135
ore_ont_2453.owl,3285.666667,0.189245224
ore_ont_10807.owl,2568,0.189562798
ore_ont_12987.owl,2110,0.189871788
ore_ont_766.owl,2118.333333,0.191449165
ore_ont_15516.owl,-1,0.191573143
ore_ont_7828.owl,2916.666667,0.192215919
ore_ont_14981.owl,2071,0.193155289
ore_ont_2826.owl,7999.333333,0.193796158
ore_ont_850.owl,9524,0.193796158
ore_ont_5834.owl,10189.33333,0.193796158
ore_ont_10702.owl,7600,0.193802834
ore_ont_3156.owl,8201.333333,0.193802834
ore_ont_8042.owl,9396,0.19383812
ore_ont_14334.owl,8191.666667,0.193993568
ore_ont_16312.owl,2343.666667,0.19421196
ore_ont_8429.owl,3067,0.194239616
ore_ont_1406.owl,2011.666667,0.194329262
ore_ont_4469.owl,2756.666667,0.194545746
ore_ont_12084.owl,2372.666667,0.195767403
ore_ont_6298.owl,2763.666667,0.195850372
ore_ont_2338.owl,1807,0.197291374
ore_ont_16425.owl,2145,0.198477745
ore_ont_8280.owl,-1,0.200180054
ore_ont_4400.owl,2290,0.200645447
ore_ont_5539.owl,-1,0.20272541
ore_ont_15397.owl,1807,0.203877449
ore_ont_2669.owl,-1,0.204620361
ore_ont_15685.owl,2258,0.204813004
ore_ont_12433.owl,2445.333333,0.205059052
ore_ont_10906.owl,-1,0.205258369
ore_ont_1397.owl,5188,0.205532074
ore_ont_8786.owl,4438.333333,0.205791473
ore_ont_3978.owl,2416.333333,0.20581913
ore_ont_15985.owl,1844.333333,0.206616402
ore_ont_237.owl,-1,0.207233429
ore_ont_10133.owl,2320.333333,0.207386971
ore_ont_11009.owl,2182,0.209950447
ore_ont_11719.owl,2577,0.210519791
ore_ont_457.owl,2250.666667,0.210861206
ore_ont_10776.owl,2147.666667,0.211565971
ore_ont_4261.owl,2562,0.211678505
ore_ont_12764.owl,1888,0.213188171
ore_ont_5206.owl,-1,0.213231087
ore_ont_8396.owl,2042,0.213389397
ore_ont_15407.owl,2063.333333,0.216047287
ore_ont_13880.owl,-1,0.21661377
ore_ont_16371.owl,3628.666667,0.21898365
ore_ont_8250.owl,2789,0.222708702
ore_ont_10283.owl,2102,0.223360062
ore_ont_3910.owl,21962,0.223911285
ore_ont_8187.owl,2456.666667,0.225599289
ore_ont_1478.owl,1800000,0.225705147
ore_ont_16157.owl,2089,0.226455688
ore_ont_2011.owl,1853,0.22808075
ore_ont_10419.owl,2521.333333,0.22882843
ore_ont_8030.owl,2517.333333,0.229166031
ore_ont_12955.owl,-1,0.232737541
ore_ont_13646.owl,2794,0.233643532
ore_ont_11477.owl,8752,0.235177994
ore_ont_1473.owl,2250.666667,0.237452507
ore_ont_6020.owl,15907.66667,0.242778778
ore_ont_13912.owl,-1,0.243037224
ore_ont_10517.owl,3893.333333,0.243281364
ore_ont_3262.owl,1800000,0.244523048
ore_ont_2378.owl,1996,0.244569778
ore_ont_13112.owl,2476.666667,0.245081902
ore_ont_5964.owl,3844.333333,0.245547295
ore_ont_16255.owl,2970.333333,0.247930527
ore_ont_13404.owl,2197,0.248596191
ore_ont_12009.owl,2394.666667,0.249006271
ore_ont_8387.owl,8107,0.249800682
ore_ont_5764.owl,3851.666667,0.251832962
ore_ont_9857.owl,2636.333333,0.252375603
ore_ont_5940.owl,2722.333333,0.253505707
ore_ont_7877.owl,3502.666667,0.253648758
ore_ont_8399.owl,3263.333333,0.254230499
ore_ont_10503.owl,-1,0.254831314
ore_ont_8135.owl,2477,0.256072998
ore_ont_11274.owl,2363.333333,0.257291794
ore_ont_9890.owl,1800000,0.257499695
ore_ont_8050.owl,2425,0.260381699
ore_ont_9957.owl,3036.666667,0.263707161
ore_ont_6951.owl,2321,0.264741898
ore_ont_12931.owl,2239,0.267114639
ore_ont_3835.owl,2215.666667,0.267776489
ore_ont_16372.owl,-1,0.270003319
ore_ont_12925.owl,3053,0.270220757
ore_ont_6149.owl,2164,0.27150631
ore_ont_12270.owl,3550,0.272028923
ore_ont_3344.owl,2267,0.276954651
ore_ont_11014.owl,2281.666667,0.278454781
ore_ont_4961.owl,2241.333333,0.28123951
ore_ont_1445.owl,2562.333333,0.284433365
ore_ont_14684.owl,2035.666667,0.284481049
ore_ont_11115.owl,3037,0.285614014
ore_ont_7584.owl,2912.666667,0.28966713
ore_ont_4796.owl,20226.33333,0.289824486
ore_ont_1646.owl,1800000,0.290929794
ore_ont_8006.owl,3169,0.291811943
ore_ont_6939.owl,2275.666667,0.292038918
ore_ont_3231.owl,2392.666667,0.292848587
ore_ont_8916.owl,1969.333333,0.296030998
ore_ont_14123.owl,1933.666667,0.297085762
ore_ont_11157.owl,7729.333333,0.300644875
ore_ont_8019.owl,2852.666667,0.30073452
ore_ont_10134.owl,2679.333333,0.301818848
ore_ont_1211.owl,2520,0.308160782
ore_ont_727.owl,2563.666667,0.308197975
ore_ont_7327.owl,2829.666667,0.309459686
ore_ont_1346.owl,1976,0.310528755
ore_ont_12372.owl,1834.666667,0.310569763
ore_ont_9122.owl,5303.666667,0.310620308
ore_ont_4313.owl,1997,0.313231468
ore_ont_11572.owl,2426.666667,0.313238144
ore_ont_7818.owl,2131.333333,0.313837051
ore_ont_7938.owl,2140.333333,0.318616867
ore_ont_3515.owl,2696.666667,0.318717003
ore_ont_9251.owl,2256,0.31952095
ore_ont_12892.owl,2985.333333,0.319643021
ore_ont_9096.owl,2780.333333,0.319708824
ore_ont_13578.owl,2663.333333,0.319777489
ore_ont_6437.owl,3005.666667,0.320542336
ore_ont_13298.owl,4421.666667,0.323328018
ore_ont_3635.owl,2422.666667,0.323972702
ore_ont_15030.owl,2717.666667,0.325967789
ore_ont_5688.owl,2679.666667,0.331582069
ore_ont_725.owl,2262.333333,0.33392334
ore_ont_14840.owl,2577.333333,0.334269524
ore_ont_6401.owl,4325.666667,0.336831093
ore_ont_7169.owl,1911.333333,0.33732605
ore_ont_13413.owl,5036.666667,0.34003067
ore_ont_12097.owl,2828.666667,0.341257095
ore_ont_8273.owl,1800000,0.342554092
ore_ont_8911.owl,1800000,0.343196869
ore_ont_1509.owl,1800000,0.344923019
ore_ont_6446.owl,-1,0.347013474
ore_ont_5266.owl,2720.666667,0.348491669
ore_ont_6409.owl,2746.333333,0.348491669
ore_ont_10860.owl,-1,0.348752975
ore_ont_5376.owl,2134.666667,0.351706505
ore_ont_1707.owl,7718,0.356285095
ore_ont_894.owl,2272.333333,0.358727455
ore_ont_6923.owl,3830.666667,0.359398842
ore_ont_9786.owl,15541.33333,0.361644745
ore_ont_15273.owl,2694.666667,0.362285614
ore_ont_2646.owl,2888,0.365160942
ore_ont_1017.owl,2931.333333,0.36520195
ore_ont_7216.owl,4781.666667,0.368813515
ore_ont_2950.owl,3781.333333,0.371182442
ore_ont_7007.owl,3805.333333,0.371858597
ore_ont_8563.owl,1950.666667,0.373031616
ore_ont_14370.owl,1014.666667,0.373076439
ore_ont_3783.owl,3212.333333,0.373875618
ore_ont_2266.owl,2772.666667,0.37578392
ore_ont_15950.owl,2785.333333,0.376549721
ore_ont_14153.owl,2065.666667,0.37879467
ore_ont_5485.owl,3062.333333,0.379278183
ore_ont_10160.owl,3257,0.379587173
ore_ont_11362.owl,1986.666667,0.381270409
ore_ont_5078.owl,2377.666667,0.381270409
ore_ont_12965.owl,2099.666667,0.381318092
ore_ont_7483.owl,3010.666667,0.385872841
ore_ont_8730.owl,2548.333333,0.391832352
ore_ont_316.owl,2879.666667,0.393151283
ore_ont_3503.owl,3849.666667,0.393336296
ore_ont_13113.owl,3926.666667,0.393529892
ore_ont_12723.owl,17038,0.393828392
ore_ont_9402.owl,3150.333333,0.394244194
ore_ont_10366.owl,2093.666667,0.398539543
ore_ont_7364.owl,6174.666667,0.399123192
ore_ont_11316.owl,4691.666667,0.400758743
ore_ont_15526.owl,22429.66667,0.40126133
ore_ont_12397.owl,2243.666667,0.401434898
ore_ont_7833.owl,2465.666667,0.402314186
ore_ont_412.owl,28435,0.402993202
ore_ont_670.owl,2660.333333,0.404004097
ore_ont_2313.owl,1800000,0.40408802
ore_ont_11647.owl,14963.66667,0.404316902
ore_ont_3003.owl,2548.333333,0.404596329
ore_ont_10026.owl,2465.333333,0.405686378
ore_ont_14353.owl,2426,0.409256935
ore_ont_13545.owl,4773.333333,0.409421921
ore_ont_5707.owl,3198,0.412770271
ore_ont_16056.owl,8225,0.415232658
ore_ont_13405.owl,-1,0.417218208
ore_ont_4279.owl,3490,0.420124054
ore_ont_1603.owl,1800000,0.42272377
ore_ont_9662.owl,10715.66667,0.423915863
ore_ont_4383.owl,2885.666667,0.425305367
ore_ont_7776.owl,2225.666667,0.4255476
ore_ont_4652.owl,2243,0.428593636
ore_ont_14031.owl,3521,0.428689003
ore_ont_1481.owl,8102.666667,0.429245949
ore_ont_3931.owl,4516.666667,0.43061924
ore_ont_9617.owl,2148.666667,0.43196106
ore_ont_7610.owl,-1,0.435307503
ore_ont_7893.owl,4348,0.436983109
ore_ont_2496.owl,2877.666667,0.439117432
ore_ont_12281.owl,3529,0.440353394
ore_ont_13859.owl,4556.333333,0.44083786
ore_ont_2022.owl,2827.333333,0.442442894
ore_ont_15292.owl,2209,0.44330883
ore_ont_5080.owl,3167.666667,0.447025299
ore_ont_8640.owl,2757.666667,0.452207565
ore_ont_10874.owl,2059.333333,0.455944061
ore_ont_10004.owl,2180.333333,0.4575243
ore_ont_4198.owl,-1,0.461382866
ore_ont_544.owl,2485,0.463167191
ore_ont_5213.owl,2319.333333,0.463430405
ore_ont_9598.owl,2188,0.470193863
ore_ont_13219.owl,-1,0.471560478
ore_ont_13444.owl,2974.333333,0.473081589
ore_ont_9998.owl,2532.333333,0.484978676
ore_ont_15741.owl,3157.333333,0.494344711
ore_ont_15583.owl,2750.333333,0.494366646
ore_ont_8175.owl,3175.666667,0.494383812
ore_ont_4527.owl,2468,0.497432709
ore_ont_13474.owl,3275.333333,0.498052597
ore_ont_380.owl,2001,0.499410629
ore_ont_566.owl,2680.333333,0.50015831
ore_ont_10146.owl,2745,0.501703262
ore_ont_14285.owl,-1,0.514877319
ore_ont_7120.owl,2344.333333,0.516132355
ore_ont_15860.owl,2293.666667,0.518823624
ore_ont_10350.owl,2199.666667,0.51924324
ore_ont_5983.owl,2503.666667,0.520014763
ore_ont_2440.owl,3294,0.521033287
ore_ont_3102.owl,2590.666667,0.524443626
ore_ont_8142.owl,-1,0.525071144
ore_ont_5502.owl,5505,0.526110649
ore_ont_7532.owl,19546,0.53344059
ore_ont_6226.owl,3043.666667,0.540336609
ore_ont_8290.owl,2816.333333,0.542156219
ore_ont_869.owl,3003.666667,0.554044724
ore_ont_8298.owl,3135.666667,0.554308891
ore_ont_14667.owl,5528,0.56644249
ore_ont_524.owl,3477.333333,0.568748474
ore_ont_8744.owl,2899,0.574572563
ore_ont_1117.owl,2971.666667,0.575351715
ore_ont_9947.owl,3250.333333,0.587273598
ore_ont_12914.owl,3785,0.590493202
ore_ont_3545.owl,-1,0.590846062
ore_ont_9943.owl,2890.666667,0.591768265
ore_ont_3968.owl,2804.333333,0.591921806
ore_ont_2377.owl,3951.666667,0.592570305
ore_ont_7778.owl,2871.666667,0.593604088
ore_ont_8509.owl,4485.666667,0.602754593
ore_ont_218.owl,1800000,0.605315208
ore_ont_2612.owl,2567.333333,0.611665726
ore_ont_507.owl,2107,0.626639366
ore_ont_6817.owl,3110.333333,0.633695602
ore_ont_14912.owl,3535.666667,0.635345459
ore_ont_2569.owl,2334.333333,0.64122963
ore_ont_3313.owl,3147,0.645015717
ore_ont_8595.owl,5047.666667,0.646885872
ore_ont_13153.owl,4940.666667,0.64939785
ore_ont_8203.owl,3799.666667,0.651437759
ore_ont_15297.owl,3818.666667,0.652997971
ore_ont_5894.owl,4811.666667,0.656820297
ore_ont_509.owl,5493.333333,0.658118248
ore_ont_6566.owl,2154.666667,0.661314011
ore_ont_9435.owl,4080,0.663994789
ore_ont_11685.owl,2740.666667,0.666602135
ore_ont_11349.owl,2163,0.674706459
ore_ont_9248.owl,3846.333333,0.677256584
ore_ont_11703.owl,2075,0.681667328
ore_ont_7817.owl,5175.666667,0.687645912
ore_ont_8294.owl,7702.333333,0.687995911
ore_ont_10952.owl,3873,0.689723015
ore_ont_9540.owl,277249,0.69511795
ore_ont_6727.owl,3778.333333,0.702477455
ore_ont_11619.owl,3191.333333,0.708127022
ore_ont_1475.owl,3745.666667,0.712758064
ore_ont_10326.owl,3545,0.713267326
ore_ont_8941.owl,-1,0.713671684
ore_ont_12325.owl,5240.333333,0.715172768
ore_ont_9673.owl,3467.333333,0.717207909
ore_ont_6905.owl,3074.333333,0.717307091
ore_ont_5197.owl,3406,0.718530655
ore_ont_5241.owl,2768.333333,0.72035408
ore_ont_16039.owl,2952.333333,0.722407341
ore_ont_15301.owl,2376,0.722927094
ore_ont_6934.owl,5733.666667,0.723513603
ore_ont_2703.owl,4984.333333,0.724112511
ore_ont_5149.owl,3097.666667,0.724685669
ore_ont_16806.owl,2772,0.729251862
ore_ont_8090.owl,3298,0.729711533
ore_ont_15222.owl,2502,0.729812622
ore_ont_4798.owl,3243.333333,0.729812622
ore_ont_2749.owl,-1,0.735691071
ore_ont_3550.owl,3049.666667,0.738373756
ore_ont_12801.owl,4448,0.748943329
ore_ont_8940.owl,3503,0.748951912
ore_ont_7108.owl,5753,0.749066353
ore_ont_13299.owl,5324.666667,0.781885147
ore_ont_14040.owl,3430.333333,0.782756805
ore_ont_11635.owl,4515.333333,0.79492569
ore_ont_9646.owl,3740,0.795591354
ore_ont_14396.owl,3740.666667,0.799797058
ore_ont_572.owl,-1,0.800531387
ore_ont_6423.owl,5512,0.806414604
ore_ont_3916.owl,-1,0.811390877
ore_ont_10781.owl,2972.666667,0.819921494
ore_ont_4903.owl,240859,0.820358276
ore_ont_12916.owl,4838,0.820640564
ore_ont_7052.owl,-1,0.831021309
ore_ont_10742.owl,9127.666667,0.834877014
ore_ont_11298.owl,2633.666667,0.841190338
ore_ont_7743.owl,3105.666667,0.855290413
ore_ont_13837.owl,5374.666667,0.858350754
ore_ont_10254.owl,6912,0.860405922
ore_ont_15108.owl,3044,0.872364998
ore_ont_3484.owl,3370.666667,0.885652542
ore_ont_7680.owl,2800.666667,0.887504578
ore_ont_2604.owl,5578.666667,0.899080276
ore_ont_15968.owl,3357,0.899536133
ore_ont_6822.owl,3697.333333,0.903786659
ore_ont_6146.owl,3500,0.90816021
ore_ont_1672.owl,2866.333333,0.908483505
ore_ont_928.owl,3589.666667,0.916910172
ore_ont_10968.owl,3290.666667,0.919543266
ore_ont_9772.owl,2617,0.92869854
ore_ont_13755.owl,3088,0.944601059
ore_ont_12635.owl,8846,0.948600769
ore_ont_6134.owl,1800000,0.957378387
ore_ont_15932.owl,3325,0.957831383
ore_ont_12405.owl,4116,0.960111618
ore_ont_5462.owl,4265,0.963722229
ore_ont_9053.owl,1800000,0.963783264
ore_ont_3381.owl,5044.666667,0.966130257
ore_ont_11623.owl,12179.33333,0.974015236
ore_ont_14818.owl,4412.666667,0.985702515
ore_ont_5550.owl,3874.333333,0.985842705
ore_ont_399.owl,6370,0.992214203
ore_ont_9790.owl,3003.333333,1.009569168
ore_ont_13139.owl,3303,1.010237694
ore_ont_8759.owl,3306.333333,1.010463715
ore_ont_14860.owl,-1,1.010746956
ore_ont_11910.owl,2922,1.012594223
ore_ont_2677.owl,5043.333333,1.012685776
ore_ont_8902.owl,6616,1.019209862
ore_ont_3784.owl,4786,1.030373573
ore_ont_9249.owl,3796,1.03047657
ore_ont_11626.owl,3059,1.034107208
ore_ont_15152.owl,4218,1.036257744
ore_ont_8933.owl,2409.333333,1.042687416
ore_ont_7372.owl,3106,1.042687416
ore_ont_14863.owl,2957.333333,1.048980713
ore_ont_1065.owl,2930,1.050503731
ore_ont_11484.owl,3487.333333,1.053944588
ore_ont_644.owl,4740.666667,1.059869766
ore_ont_5669.owl,5890.666667,1.059925079
ore_ont_2318.owl,5403.666667,1.063199043
ore_ont_6065.owl,3689.666667,1.065930367
ore_ont_1493.owl,3827.666667,1.086723328
ore_ont_5115.owl,3437.333333,1.086925507
ore_ont_6202.owl,4112.666667,1.087364197
ore_ont_16509.owl,3672.666667,1.087442398
ore_ont_7180.owl,2998.666667,1.107621193
ore_ont_2333.owl,2814,1.107674599
ore_ont_12000.owl,4038.333333,1.108525276
ore_ont_16547.owl,3460.666667,1.110583305
ore_ont_8641.owl,4711.333333,1.115962982
ore_ont_15944.owl,3366,1.126599312
ore_ont_16669.owl,19587,1.133875847
ore_ont_1016.owl,18892.33333,1.133921623
ore_ont_16558.owl,3767.666667,1.136943817
ore_ont_4737.owl,3792,1.160079956
ore_ont_4655.owl,2691.333333,1.163449287
ore_ont_15184.owl,19031.66667,1.180530548
ore_ont_13857.owl,14338.33333,1.181671143
ore_ont_6737.owl,2358.666667,1.183648109
ore_ont_2783.owl,13209.66667,1.1836586
ore_ont_9382.owl,17903.66667,1.186916351
ore_ont_14593.owl,20127.33333,1.186916351
ore_ont_9558.owl,18864.66667,1.187069893
ore_ont_6815.owl,15605,1.187203407
ore_ont_9758.owl,17427,1.187203407
ore_ont_10409.owl,12325.33333,1.187209129
ore_ont_960.owl,11780.66667,1.187211037
ore_ont_10672.owl,18864,1.187530518
ore_ont_14134.owl,18746.66667,1.188736916
ore_ont_153.owl,14191.66667,1.189648628
ore_ont_7399.owl,19589,1.189648628
ore_ont_9668.owl,13592.66667,1.189787865
ore_ont_13337.owl,14612.33333,1.189789772
ore_ont_2531.owl,15070.33333,1.189789772
ore_ont_14331.owl,12842,1.193037987
ore_ont_10985.owl,15022,1.19373703
ore_ont_3640.owl,8359.666667,1.195234299
ore_ont_5092.owl,14430.66667,1.195683479
ore_ont_12836.owl,2838.666667,1.198413849
ore_ont_253.owl,10784.33333,1.205011368
ore_ont_10423.owl,14407.66667,1.210482597
ore_ont_6354.owl,6015.333333,1.213371277
ore_ont_4260.owl,3419,1.217997551
ore_ont_15917.owl,4138,1.218395233
ore_ont_15341.owl,3478.333333,1.223361015
ore_ont_13840.owl,4025.666667,1.223416328
ore_ont_10275.owl,5109.666667,1.225363731
ore_ont_13460.owl,3181.333333,1.22764492
ore_ont_1539.owl,18477.66667,1.228549004
ore_ont_15490.owl,3613,1.228978157
ore_ont_14255.owl,19080,1.23108387
ore_ont_8326.owl,16020.33333,1.231133461
ore_ont_10588.owl,21446,1.231483459
ore_ont_7758.owl,15962,1.231732368
ore_ont_8684.owl,20853.33333,1.231740952
ore_ont_13150.owl,13576.66667,1.232084274
ore_ont_259.owl,13158,1.232136726
ore_ont_4162.owl,11520.33333,1.232144356
ore_ont_3114.owl,14072.66667,1.232157707
ore_ont_8359.owl,21822.33333,1.232161522
ore_ont_8286.owl,22329,1.232161522
ore_ont_4515.owl,16308,1.232162476
ore_ont_15450.owl,17246,1.232162476
ore_ont_6765.owl,16049,1.232163429
ore_ont_16565.owl,18160.33333,1.232292175
ore_ont_12884.owl,20994,1.232292175
ore_ont_7474.owl,14913.33333,1.232305527
ore_ont_2664.owl,18600,1.233005524
ore_ont_13941.owl,18006.66667,1.233441353
ore_ont_4581.owl,16610.66667,1.233747482
ore_ont_9972.owl,13228.66667,1.23431015
ore_ont_1870.owl,14682.33333,1.234631538
ore_ont_9186.owl,13410.33333,1.234676361
ore_ont_15352.owl,18481.33333,1.234744072
ore_ont_8171.owl,15092.66667,1.234745026
ore_ont_3329.owl,13037,1.234745979
ore_ont_13776.owl,13515.66667,1.234745979
ore_ont_16738.owl,18054.33333,1.234745979
ore_ont_2817.owl,18348.33333,1.234745979
ore_ont_5543.owl,18984.33333,1.234745979
ore_ont_9037.owl,13910.33333,1.234871864
ore_ont_4263.owl,10560.33333,1.234874725
ore_ont_15544.owl,12744.66667,1.234874725
ore_ont_1790.owl,17816.66667,1.234875679
ore_ont_6469.owl,17837,1.235145569
ore_ont_7775.owl,12496,1.235513687
ore_ont_16120.owl,15510.66667,1.236020088
ore_ont_5448.owl,18978,1.236916542
ore_ont_16617.owl,18099,1.23775959
ore_ont_12474.owl,14240,1.238161087
ore_ont_8431.owl,19749.33333,1.238303185
ore_ont_11636.owl,23022.33333,1.239300728
ore_ont_8999.owl,14275.33333,1.239395142
ore_ont_13700.owl,4426.666667,1.239619255
ore_ont_13851.owl,22085.33333,1.239757538
ore_ont_14919.owl,15708.33333,1.240185738
ore_ont_7320.owl,17181.66667,1.240240097
ore_ont_3214.owl,16163.66667,1.240841866
ore_ont_8668.owl,23704.66667,1.240841866
ore_ont_6266.owl,22217.66667,1.24092865
ore_ont_11696.owl,18933.66667,1.241024017
ore_ont_16017.owl,17096.33333,1.241480827
ore_ont_7102.owl,17781.66667,1.241534233
ore_ont_14183.owl,14760,1.241605759
ore_ont_6847.owl,15634,1.241651535
ore_ont_4958.owl,21257.66667,1.241678238
ore_ont_14766.owl,22478.66667,1.241678238
ore_ont_4429.owl,15827,1.241986275
ore_ont_10058.owl,22108,1.242560387
ore_ont_3584.owl,19476,1.242630959
ore_ont_14896.owl,22952.33333,1.242753029
ore_ont_4210.owl,16041.33333,1.242757797
ore_ont_4188.owl,16904.66667,1.242757797
ore_ont_6729.owl,14967,1.242758751
ore_ont_3795.owl,22744,1.242758751
ore_ont_4770.owl,18478,1.242759705
ore_ont_3357.owl,18662.66667,1.242759705
ore_ont_7084.owl,16387,1.242804527
ore_ont_10594.owl,22078.66667,1.243046761
ore_ont_11289.owl,15000.33333,1.243208885
ore_ont_11948.owl,24523.66667,1.243208885
ore_ont_4834.owl,26884.66667,1.243348122
ore_ont_8719.owl,12152.33333,1.243645668
ore_ont_11564.owl,21335.66667,1.243688583
ore_ont_1091.owl,23786,1.243878365
ore_ont_3500.owl,15446.33333,1.244264603
ore_ont_14878.owl,16590.66667,1.244837761
ore_ont_5943.owl,24286.33333,1.244854927
ore_ont_4092.owl,23958.33333,1.245243073
ore_ont_15355.owl,2902.666667,1.246555328
ore_ont_6060.owl,24108,1.247172356
ore_ont_2548.owl,1800000,1.247366905
ore_ont_5298.owl,23739.66667,1.247913361
ore_ont_14237.owl,15467,1.247936249
ore_ont_13679.owl,16393,1.248396873
ore_ont_990.owl,21316.66667,1.248435974
ore_ont_290.owl,15013.66667,1.248760223
ore_ont_7014.owl,19613.33333,1.24882412
ore_ont_7237.owl,15014.33333,1.24922657
ore_ont_770.owl,23300.33333,1.24922657
ore_ont_7025.owl,25222.66667,1.24922657
ore_ont_16822.owl,14691.66667,1.249660492
ore_ont_7537.owl,24172.66667,1.249660492
ore_ont_8417.owl,23694,1.250418663
ore_ont_1517.owl,14430,1.252018929
ore_ont_7944.owl,23741.33333,1.2520504
ore_ont_14906.owl,14499.66667,1.252536774
ore_ont_5398.owl,17957,1.253489494
ore_ont_336.owl,18475.66667,1.255629539
ore_ont_7079.owl,18069.33333,1.25712204
ore_ont_6504.owl,20478,1.257793427
ore_ont_10173.owl,20005.66667,1.258537292
ore_ont_9534.owl,21413.66667,1.258615494
ore_ont_2700.owl,23506.33333,1.258970261
ore_ont_14286.owl,2817,1.260355949
ore_ont_2213.owl,19905,1.261005402
ore_ont_3050.owl,18579.33333,1.261370659
ore_ont_12418.owl,14504.66667,1.261401176
ore_ont_3905.owl,5824.666667,1.261558533
ore_ont_1340.owl,5788,1.261685371
ore_ont_11989.owl,21587.66667,1.263217926
ore_ont_14452.owl,13088.66667,1.265317917
ore_ont_12468.owl,17865,1.265317917
ore_ont_13674.owl,20497.33333,1.265800476
ore_ont_6111.owl,1800000,1.265874863
ore_ont_980.owl,13932.66667,1.266798019
ore_ont_16642.owl,22908,1.267402649
ore_ont_15796.owl,18863.33333,1.268155098
ore_ont_148.owl,19398.66667,1.269216537
ore_ont_9896.owl,3782.333333,1.269265175
ore_ont_3771.owl,3502.333333,1.27169323
ore_ont_8322.owl,21820,1.271697998
ore_ont_14767.owl,15268,1.276813507
ore_ont_891.owl,19929.66667,1.277313232
ore_ont_1970.owl,4509.333333,1.278759003
ore_ont_15692.owl,18509,1.282406807
ore_ont_10892.owl,26611.33333,1.282554626
ore_ont_4423.owl,17382.33333,1.284313202
ore_ont_1062.owl,24442,1.284314156
ore_ont_12432.owl,1800000,1.285987854
ore_ont_14367.owl,16496,1.286718369
ore_ont_6483.owl,4749.333333,1.286754608
ore_ont_12039.owl,19128.33333,1.288613319
ore_ont_7569.owl,21982.66667,1.288928986
ore_ont_8688.owl,15017,1.289300919
ore_ont_10270.owl,18004,1.291552544
ore_ont_2360.owl,21405,1.291811943
ore_ont_6892.owl,13845.66667,1.292572975
ore_ont_14294.owl,14037.66667,1.294394493
ore_ont_7015.owl,2354.333333,1.296285629
ore_ont_13078.owl,9072.333333,1.297095299
ore_ont_7188.owl,11656.66667,1.297132492
ore_ont_6535.owl,17188.33333,1.297250748
ore_ont_6443.owl,5707.666667,1.297356606
ore_ont_15013.owl,4400.333333,1.297857285
ore_ont_3177.owl,3567,1.308890343
ore_ont_5792.owl,3871.666667,1.308905602
ore_ont_12451.owl,1800000,1.310176849
ore_ont_4587.owl,26214,1.31528759
ore_ont_9429.owl,1800000,1.318585396
ore_ont_14450.owl,6304.666667,1.321194649
ore_ont_16303.owl,9170,1.322725296
ore_ont_13336.owl,4960.666667,1.330114365
ore_ont_12152.owl,42717.33333,1.333786964
ore_ont_330.owl,3755.333333,1.335103989
ore_ont_3241.owl,2879.333333,1.335132599
ore_ont_10481.owl,47569,1.336108208
ore_ont_15224.owl,3034.666667,1.339235306
ore_ont_1555.owl,4259,1.367734909
ore_ont_16759.owl,36704,1.372550964
ore_ont_16124.owl,36344.33333,1.374146461
ore_ont_260.owl,35861.33333,1.374410629
ore_ont_6452.owl,34362,1.375964165
ore_ont_10242.owl,34692.66667,1.379226685
ore_ont_1469.owl,51558.66667,1.37939167
ore_ont_11124.owl,4759.666667,1.379435539
ore_ont_1533.owl,31573,1.379858017
ore_ont_13621.owl,33832.66667,1.379858017
ore_ont_14194.owl,38866,1.379859924
ore_ont_14551.owl,1800000,1.38024044
ore_ont_12043.owl,52575.33333,1.383399963
ore_ont_12219.owl,38002.66667,1.384327888
ore_ont_7479.owl,52030,1.388865471
ore_ont_13178.owl,46790.33333,1.394899368
ore_ont_11131.owl,5100.333333,1.395628929
ore_ont_4182.owl,5877,1.402529716
ore_ont_11305.owl,-1,1.406829834
ore_ont_1965.owl,42166.66667,1.406997681
ore_ont_5730.owl,85016.33333,1.412932396
ore_ont_10749.owl,84793,1.412939072
ore_ont_15475.owl,54354.33333,1.416103363
ore_ont_4363.owl,38074,1.416165352
ore_ont_8844.owl,79988.66667,1.417471886
ore_ont_14191.owl,77603,1.422245026
ore_ont_9800.owl,5733,1.425822258
ore_ont_15615.owl,63576.33333,1.451956749
ore_ont_5664.owl,55844,1.45552063
ore_ont_4780.owl,82539,1.460096359
ore_ont_3839.owl,4130.666667,1.472476959
ore_ont_9257.owl,3534.333333,1.472524643
ore_ont_10608.owl,4171,1.476060867
ore_ont_10991.owl,4013.333333,1.505684853
ore_ont_14258.owl,3194,1.505745888
ore_ont_13430.owl,3244.666667,1.505786896
ore_ont_3561.owl,22012.66667,1.510345459
ore_ont_4578.owl,3284,1.513406754
ore_ont_3106.owl,4306,1.513718605
ore_ont_11675.owl,3634.666667,1.51404953
ore_ont_7488.owl,3788.333333,1.521782875
ore_ont_3080.owl,1800000,1.524514198
ore_ont_13124.owl,4605.333333,1.536104202
ore_ont_9020.owl,6652,1.557648659
ore_ont_10389.owl,4421.666667,1.561766624
ore_ont_5841.owl,4509.666667,1.582687378
ore_ont_7195.owl,3210.666667,1.592684746
ore_ont_8329.owl,5113.666667,1.595947266
ore_ont_13141.owl,3467.333333,1.600649834
ore_ont_13919.owl,3395.333333,1.609258652
ore_ont_16453.owl,3244,1.610348701
ore_ont_13949.owl,4231.666667,1.62747097
ore_ont_10212.owl,13464,1.635220528
ore_ont_15921.owl,2337.333333,1.63524437
ore_ont_10280.owl,4539.333333,1.668293953
ore_ont_5492.owl,2858.666667,1.7042799
ore_ont_1112.owl,3249,1.704319954
ore_ont_12665.owl,3065.666667,1.704864502
ore_ont_264.owl,5165,1.709125519
ore_ont_9881.owl,853920.6667,1.713663101
ore_ont_9014.owl,5318.666667,1.716062546
ore_ont_11411.owl,701011.3333,1.719191551
ore_ont_10197.owl,810250.6667,1.719197273
ore_ont_2129.owl,5480.666667,1.724859238
ore_ont_10774.owl,3767.666667,1.725382805
ore_ont_12161.owl,4054.333333,1.725388527
ore_ont_6751.owl,4730,1.725914955
ore_ont_12776.owl,3743.333333,1.729829788
ore_ont_11452.owl,3941.333333,1.734744072
ore_ont_236.owl,5087.333333,1.74724102
ore_ont_9761.owl,5261.666667,1.74724102
ore_ont_11536.owl,4101.333333,1.760407448
ore_ont_9386.owl,1038502.667,1.767448425
ore_ont_5840.owl,49008.66667,1.768279076
ore_ont_10890.owl,4796.333333,1.779584885
ore_ont_10348.owl,5441,1.783890724
ore_ont_16750.owl,6126,1.784976006
ore_ont_2848.owl,1800000,1.790762901
ore_ont_2454.owl,3962.666667,1.803535461
ore_ont_360.owl,4543.333333,1.807375908
ore_ont_5690.owl,3429.333333,1.812181473
ore_ont_7726.owl,6055.333333,1.82820797
ore_ont_950.owl,6853,1.833879471
ore_ont_6862.owl,5055.333333,1.835279465
ore_ont_6869.owl,3786,1.835756302
ore_ont_13991.owl,21302,1.852350235
ore_ont_3712.owl,4841.333333,1.860389709
ore_ont_14499.owl,3752.333333,1.861258507
ore_ont_6234.owl,1800000,1.86662674
ore_ont_12536.owl,11015.66667,1.867456436
ore_ont_7203.owl,45593.33333,1.873861313
ore_ont_9596.owl,4093.333333,1.879545212
ore_ont_4609.owl,3553.333333,1.881568909
ore_ont_15680.owl,3448,1.881607056
ore_ont_4732.owl,3983.666667,1.892729759
ore_ont_9612.owl,3699,1.898335457
ore_ont_14574.owl,3800.333333,1.916534424
ore_ont_8627.owl,2390,1.929350853
ore_ont_8755.owl,4144.666667,1.930204391
ore_ont_13451.owl,4688.333333,1.930517197
ore_ont_33.owl,4778.333333,1.931168556
ore_ont_6358.owl,4219.333333,1.941360474
ore_ont_6109.owl,3282,1.942279816
ore_ont_14587.owl,3738.333333,1.949392319
ore_ont_16610.owl,5777.333333,1.953694344
ore_ont_16299.owl,6963.333333,1.953984261
ore_ont_7218.owl,5476.666667,1.955064774
ore_ont_15363.owl,9240.666667,1.956189156
ore_ont_3529.owl,5142.666667,1.957332611
ore_ont_4610.owl,3481.333333,1.9579916
ore_ont_4460.owl,3884.333333,1.963324547
ore_ont_3781.owl,3424.666667,1.969324112
ore_ont_7499.owl,1800000,1.976548195
ore_ont_7356.owl,3858.333333,1.981742859
ore_ont_11878.owl,42152,1.995749474
ore_ont_10425.owl,3557,2.002071381
ore_ont_904.owl,5323.333333,2.012164116
ore_ont_4567.owl,182944,2.038402557
ore_ont_5695.owl,3598,2.045908928
ore_ont_10384.owl,4041,2.058279991
ore_ont_2624.owl,5319.333333,2.058317184
ore_ont_11896.owl,2542.333333,2.070016861
ore_ont_22.owl,4314,2.070381165
ore_ont_11140.owl,3494,2.082795143
ore_ont_10123.owl,4020.666667,2.085579872
ore_ont_8492.owl,4402.666667,2.086482048
ore_ont_7275.owl,9750.333333,2.087122917
ore_ont_14066.owl,9417.333333,2.099402428
ore_ont_8705.owl,6714.333333,2.106738091
ore_ont_2578.owl,4982,2.106785774
ore_ont_9299.owl,8181,2.108325005
ore_ont_16105.owl,3037,2.108493805
ore_ont_7439.owl,4255.666667,2.114765167
ore_ont_13000.owl,3579.333333,2.116556168
ore_ont_443.owl,-1,2.122462273
ore_ont_1501.owl,3807.666667,2.122478485
ore_ont_12174.owl,-1,2.144975662
ore_ont_16666.owl,99778,2.145730019
ore_ont_15612.owl,7588.333333,2.146137238
ore_ont_3516.owl,6927,2.146181107
ore_ont_15063.owl,7025,2.149576187
ore_ont_10053.owl,3356.333333,2.156650543
ore_ont_4503.owl,8996.666667,2.161860466
ore_ont_8779.owl,4578,2.161940575
ore_ont_13852.owl,5410.666667,2.169743538
ore_ont_2128.owl,5780.666667,2.170038223
ore_ont_8347.owl,5373.333333,2.170244217
ore_ont_8882.owl,71142.33333,2.178171158
ore_ont_7345.owl,2605.666667,2.179878235
ore_ont_947.owl,10322.66667,2.185634613
ore_ont_2497.owl,10766.33333,2.202933311
ore_ont_9303.owl,-1,2.21199131
ore_ont_14280.owl,9648.333333,2.216264725
ore_ont_6198.owl,10421.33333,2.217611313
ore_ont_2792.owl,86550.33333,2.218702316
ore_ont_4226.owl,4128.333333,2.225146294
ore_ont_5721.owl,3071,2.244616508
ore_ont_802.owl,3173.333333,2.247306824
ore_ont_15066.owl,53111.66667,2.24879837
ore_ont_10806.owl,5589.333333,2.255264282
ore_ont_15871.owl,-1,2.281832695
ore_ont_205.owl,1800000,2.303813934
ore_ont_15793.owl,3775.333333,2.31763649
ore_ont_8864.owl,6279.333333,2.326115608
ore_ont_1666.owl,4109.333333,2.336255074
ore_ont_14995.owl,2928,2.349871635
ore_ont_6230.owl,4464.333333,2.402396202
ore_ont_5002.owl,3310,2.41338253
ore_ont_15655.owl,4468.333333,2.414551735
ore_ont_13082.owl,-1,2.434212685
ore_ont_10992.owl,8188,2.435733795
ore_ont_11502.owl,6713.666667,2.435770988
ore_ont_14027.owl,4727.666667,2.443469048
ore_ont_15098.owl,3597.666667,2.444197655
ore_ont_15288.owl,-1,2.449788094
ore_ont_16800.owl,90357.33333,2.468785286
ore_ont_4733.owl,4225.333333,2.514213562
ore_ont_10754.owl,42116.66667,2.539235115
ore_ont_15344.owl,-1,2.562179565
ore_ont_4639.owl,6462.666667,2.575610161
ore_ont_7251.owl,4020,2.578647614
ore_ont_7926.owl,5473,2.581638336
ore_ont_6870.owl,6306.333333,2.611887932
ore_ont_3917.owl,166346.6667,2.626452446
ore_ont_10949.owl,1800000,2.654010773
ore_ont_8148.owl,129355,2.658426285
ore_ont_16114.owl,4467.333333,2.705523491
ore_ont_12410.owl,5190.666667,2.714078903
ore_ont_6792.owl,166043.3333,2.719184875
ore_ont_1767.owl,3403.666667,2.722654343
ore_ont_3077.owl,157434.6667,2.755852699
ore_ont_9590.owl,6898,2.756115913
ore_ont_699.owl,240272.3333,2.774333954
ore_ont_6132.owl,1800000,2.781744957
ore_ont_9899.owl,2829,2.820116043
ore_ont_6009.owl,5908.666667,2.833534241
ore_ont_9884.owl,3697.333333,2.851382256
ore_ont_11378.owl,415962,2.857894897
ore_ont_12191.owl,405432,2.867624283
ore_ont_3562.owl,20098,2.872162819
ore_ont_6453.owl,4997.666667,2.875706673
ore_ont_5965.owl,4487.333333,2.875748634
ore_ont_5974.owl,3920,2.876152039
ore_ont_668.owl,-1,2.937599182
ore_ont_8989.owl,-1,2.947842598
ore_ont_4127.owl,8491.666667,2.96248436
ore_ont_3406.owl,6616,2.963111877
ore_ont_2658.owl,8362,2.963590622
ore_ont_15623.owl,1800000,2.994843483
ore_ont_6622.owl,8343.333333,3.003446579
ore_ont_12269.owl,5429.666667,3.006699562
ore_ont_13690.owl,7754,3.006934166
ore_ont_4662.owl,3743,3.022463799
ore_ont_9944.owl,1800000,3.025903702
ore_ont_5507.owl,3833,3.0459795
ore_ont_15260.owl,13202.66667,3.048211098
ore_ont_7858.owl,3782.666667,3.054228783
ore_ont_7234.owl,17885.33333,3.060336113
ore_ont_7712.owl,1800000,3.076044083
ore_ont_5260.owl,1800000,3.077700615
ore_ont_257.owl,-1,3.10734272
ore_ont_2232.owl,5054,3.117259026
ore_ont_13230.owl,-1,3.119591713
ore_ont_1734.owl,5641,3.127536774
ore_ont_13723.owl,5320,3.137244225
ore_ont_11600.owl,5049.333333,3.144715309
ore_ont_6910.owl,-1,3.150760651
ore_ont_307.owl,5305.666667,3.183130264
ore_ont_15491.owl,16907.66667,3.187222481
ore_ont_12284.owl,4221,3.292301178
ore_ont_6035.owl,12396,3.294808388
ore_ont_6076.owl,13747,3.304097176
ore_ont_5617.owl,29747,3.316614151
ore_ont_8995.owl,14064.66667,3.318000793
ore_ont_12676.owl,12603.66667,3.318094254
ore_ont_3238.owl,19305,3.319135666
ore_ont_11126.owl,-1,3.341362953
ore_ont_964.owl,5703.666667,3.353071213
ore_ont_2719.owl,3904.666667,3.361834526
ore_ont_9792.owl,3640.666667,3.380057335
ore_ont_935.owl,12646.66667,3.39030838
ore_ont_10080.owl,1800000,3.404215813
ore_ont_16619.owl,12322.33333,3.404870033
ore_ont_15878.owl,12677.66667,3.417302132
ore_ont_14407.owl,6480.666667,3.420600891
ore_ont_2656.owl,6578.666667,3.421046257
ore_ont_4938.owl,1800000,3.435591698
ore_ont_3919.owl,11046.66667,3.43565464
ore_ont_3480.owl,7256.666667,3.49094677
ore_ont_16746.owl,9392,3.500427246
ore_ont_6800.owl,7085.333333,3.505543709
ore_ont_8792.owl,5863.333333,3.505894661
ore_ont_3797.owl,4614.333333,3.512057304
ore_ont_7608.owl,7186.333333,3.518212318
ore_ont_10951.owl,24037.66667,3.529072762
ore_ont_13811.owl,5504,3.622159958
ore_ont_16632.owl,-1,3.632267952
ore_ont_2317.owl,5432.333333,3.638568878
ore_ont_8579.owl,6245.333333,3.644395828
ore_ont_1119.owl,6705.666667,3.649684906
ore_ont_12936.owl,6363.666667,3.666389465
ore_ont_2591.owl,5358,3.687639236
ore_ont_7823.owl,49026.66667,3.692041397
ore_ont_1508.owl,1800000,3.704581261
ore_ont_5487.owl,6150.333333,3.717565536
ore_ont_11906.owl,6901.333333,3.718216896
ore_ont_4178.owl,9192.333333,3.729960442
ore_ont_3680.owl,5989.666667,3.755999565
ore_ont_5548.owl,1800000,3.760028839
ore_ont_786.owl,1800000,3.763544083
ore_ont_11629.owl,1800000,3.767345428
ore_ont_9855.owl,1800000,3.77090168
ore_ont_9513.owl,6095.666667,3.832017899
ore_ont_1743.owl,25333.66667,3.842687607
ore_ont_6608.owl,1800000,3.858112335
ore_ont_1028.owl,1800000,3.861629486
ore_ont_6433.owl,6454.333333,3.904612541
ore_ont_15178.owl,5837.333333,3.909823418
ore_ont_5368.owl,5065.666667,3.935555458
ore_ont_12802.owl,4629.666667,3.940245628
ore_ont_2020.owl,28364.33333,3.960921288
ore_ont_12698.owl,1800000,3.974423409
ore_ont_9151.owl,1800000,4.052548409
ore_ont_16420.owl,1800000,4.129290581
ore_ont_7226.owl,3589.666667,4.14805603
ore_ont_9577.owl,1800000,4.191599846
ore_ont_4235.owl,6019.666667,4.192733765
ore_ont_13122.owl,1800000,4.28609848
ore_ont_13752.owl,6825.666667,4.28663063
ore_ont_5438.owl,1800000,4.292263031
ore_ont_4570.owl,16704.33333,4.293031693
ore_ont_4775.owl,4836,4.301932335
ore_ont_11081.owl,10942.33333,4.335174561
ore_ont_2142.owl,1800000,4.39676857
ore_ont_589.owl,5396.666667,4.411192894
ore_ont_8377.owl,4407,4.425431252
ore_ont_13052.owl,-1,4.501060486
ore_ont_2491.owl,70936.33333,4.551246643
ore_ont_9739.owl,1800000,4.576967239
ore_ont_239.owl,1800000,4.577002525
ore_ont_7536.owl,8699.333333,4.598973274
ore_ont_12221.owl,11263,4.599618912
ore_ont_5188.owl,6605.333333,4.639151573
ore_ont_7716.owl,5622.666667,4.764060974
ore_ont_2397.owl,37493.66667,4.764345169
ore_ont_7174.owl,8374,4.81585598
ore_ont_8441.owl,9187,4.81585598
ore_ont_15733.owl,9026,4.815894127
ore_ont_2661.owl,8195.666667,4.890039444
ore_ont_12330.owl,16011.66667,4.950600624
ore_ont_2627.owl,9258.333333,4.959557533
ore_ont_12486.owl,8946.666667,5.042815208
ore_ont_8712.owl,142166.6667,5.045917511
ore_ont_1954.owl,5434.333333,5.132214546
ore_ont_1212.owl,3391.666667,5.181796074
ore_ont_12839.owl,9155.333333,5.201226234
ore_ont_11282.owl,15850.33333,5.202176094
ore_ont_12792.owl,10266.33333,5.205997467
ore_ont_7706.owl,8537.333333,5.225165367
ore_ont_13071.owl,255250.3333,5.248427391
ore_ont_11553.owl,1800000,5.2566576
ore_ont_15074.owl,1800000,5.284672737
ore_ont_16542.owl,1800000,5.286347389
ore_ont_14223.owl,8101,5.324801445
ore_ont_7178.owl,7057.333333,5.333836555
ore_ont_15790.owl,9609,5.333974838
ore_ont_16853.owl,15120.66667,5.370963097
ore_ont_11085.owl,542796.6667,5.380685806
ore_ont_14380.owl,8870,5.38388443
ore_ont_5815.owl,7391,5.472187042
ore_ont_12194.owl,5896,5.515547752
ore_ont_11426.owl,26649,5.530314445
ore_ont_13665.owl,6016,5.538982391
ore_ont_12452.owl,8129,5.543525696
ore_ont_3255.owl,21018.33333,5.565403938
ore_ont_9694.owl,1800000,5.587515831
ore_ont_14897.owl,-1,5.736039162
ore_ont_1330.owl,47643,5.76941967
ore_ont_2105.owl,5598,5.810148239
ore_ont_7300.owl,12099,5.970170975
ore_ont_16687.owl,7499.333333,6.040979385
ore_ont_12182.owl,2498,6.058479309
ore_ont_12992.owl,33148.66667,6.0897789
ore_ont_12149.owl,9525.333333,6.09243679
ore_ont_7493.owl,10692,6.100345612
ore_ont_14101.owl,-1,6.132631302
ore_ont_3237.owl,66504.33333,6.151147842
ore_ont_9684.owl,-1,6.166772842
ore_ont_13964.owl,7098.333333,6.227428436
ore_ont_11695.owl,1800000,6.238381386
ore_ont_7204.owl,311087.6667,6.249515533
ore_ont_6659.owl,14725.66667,6.249699593
ore_ont_7831.owl,8043,6.2976408
ore_ont_1066.owl,1800000,6.323936462
ore_ont_8470.owl,1800000,6.447686195
ore_ont_4917.owl,161263.6667,6.549285889
ore_ont_16559.owl,6424.666667,6.605021477
ore_ont_10391.owl,4107.666667,6.676007271
ore_ont_13526.owl,2504,6.677248001
ore_ont_9119.owl,211000.3333,6.755656242
ore_ont_840.owl,9746,6.793035507
ore_ont_8480.owl,306314.3333,6.83059597
ore_ont_6310.owl,7510.333333,6.83668232
ore_ont_13233.owl,1800000,6.91119194
ore_ont_1685.owl,2485.666667,6.911248207
ore_ont_4049.owl,-1,6.941425323
ore_ont_6444.owl,81181.33333,6.974740982
ore_ont_14425.owl,6738.666667,6.994810104
ore_ont_9318.owl,242412.3333,7.032493591
ore_ont_8388.owl,496852.3333,7.037070274
ore_ont_13664.owl,8861.666667,7.044812202
ore_ont_15791.owl,-1,7.131136894
ore_ont_11311.owl,1800000,7.214291573
ore_ont_16703.owl,5860.666667,7.239483833
ore_ont_11597.owl,4984,7.239531517
ore_ont_13359.owl,4888.666667,7.279606819
ore_ont_7401.owl,39514,7.299250603
ore_ont_1833.owl,6118,7.300096512
ore_ont_9545.owl,109213.6667,7.352701187
ore_ont_1115.owl,5606.666667,7.389185905
ore_ont_16283.owl,97294,7.431541443
ore_ont_13103.owl,1800000,7.625205994
ore_ont_14508.owl,8979.333333,7.640395164
ore_ont_4006.owl,9563.333333,7.663871765
ore_ont_11500.owl,83213.66667,7.678402901
ore_ont_14375.owl,2633.333333,7.710923195
ore_ont_6478.owl,5715,7.727750778
ore_ont_12317.owl,510366,7.76328373
ore_ont_11196.owl,1800000,7.773015976
ore_ont_14776.owl,361101,7.949047089
ore_ont_1310.owl,137061,7.99818325
ore_ont_1082.owl,264288.3333,8.050712585
ore_ont_15099.owl,6713.333333,8.076601028
ore_ont_10006.owl,1800000,8.115418434
ore_ont_2577.owl,551726,8.116465569
ore_ont_9347.owl,5153.333333,8.182512283
ore_ont_8432.owl,5707,8.190055847
ore_ont_15388.owl,-1,8.197387695
ore_ont_6102.owl,1800000,8.358189583
ore_ont_4616.owl,9934.333333,8.38885498
ore_ont_13684.owl,59280.33333,8.490401268
ore_ont_14909.owl,3739.666667,8.556700706
ore_ont_2632.owl,676480.3333,8.621408463
ore_ont_15991.owl,21765.33333,9.235555649
ore_ont_1422.owl,10172.66667,9.317732811
ore_ont_8634.owl,15233.66667,9.335784912
ore_ont_11198.owl,16457.33333,9.340484619
ore_ont_7455.owl,18182,9.488101006
ore_ont_13136.owl,-1,9.493813515
ore_ont_1634.owl,-1,9.493850708
ore_ont_14012.owl,-1,9.49385643
ore_ont_5253.owl,10270.33333,9.499258995
ore_ont_5193.owl,8488.666667,9.505844116
ore_ont_5059.owl,10921.33333,9.674069405
ore_ont_7256.owl,9942.333333,9.767077446
ore_ont_14365.owl,11390.66667,9.767522812
ore_ont_9816.owl,12834.33333,9.837926865
ore_ont_7540.owl,11093.66667,9.91106987
ore_ont_9724.owl,1800000,10.04437923
ore_ont_14572.owl,-1,10.04442596
ore_ont_7361.owl,1800000,10.04442692
ore_ont_15536.owl,-1,10.23821259
ore_ont_10965.owl,5194,10.28391171
ore_ont_1840.owl,5233,10.28391838
ore_ont_13220.owl,110232.3333,10.30490017
ore_ont_4141.owl,-1,10.32471561
ore_ont_14312.owl,13498.33333,10.55284691
ore_ont_11110.owl,12089,10.69777298
ore_ont_3737.owl,10614.66667,10.69779778
ore_ont_191.owl,10993.66667,10.69797325
ore_ont_14879.owl,731231.6667,10.69973373
ore_ont_7389.owl,2833,10.71807003
ore_ont_5544.owl,6351,10.85666084
ore_ont_16684.owl,11820,10.90257645
ore_ont_10778.owl,17465,11.00884438
ore_ont_3414.owl,21200.33333,11.03943539
ore_ont_13243.owl,22370.66667,11.05339241
ore_ont_7416.owl,1800000,11.23407745
ore_ont_7607.owl,4355,11.30595398
ore_ont_7956.owl,-1,11.32271767
ore_ont_1059.owl,-1,11.34481144
ore_ont_9894.owl,162226.6667,11.50751305
ore_ont_6108.owl,17532,11.70571327
ore_ont_11495.owl,-1,11.7518034
ore_ont_5103.owl,62598.66667,11.88511181
ore_ont_1966.owl,15325.66667,11.89536381
ore_ont_6664.owl,209939,11.92034721
ore_ont_773.owl,6057,11.94171524
ore_ont_7803.owl,93317.33333,12.1161871
ore_ont_10930.owl,1800000,12.19135666
ore_ont_269.owl,7659.333333,12.23823929
ore_ont_2291.owl,10829.33333,12.29774094
ore_ont_7111.owl,1800000,12.65470886
ore_ont_4487.owl,259419.3333,12.75085449
ore_ont_14934.owl,12350.66667,12.81860638
ore_ont_15557.owl,13006.33333,12.90282822
ore_ont_3954.owl,7203.333333,12.92251396
ore_ont_14543.owl,19416.33333,13.0176754
ore_ont_1272.owl,455028.3333,13.11799526
ore_ont_6315.owl,171200.6667,13.12324905
ore_ont_4617.owl,13799.66667,13.13825798
ore_ont_11817.owl,50645,13.14022541
ore_ont_5849.owl,1365226.667,13.15242767
ore_ont_3282.owl,1800000,13.15347481
ore_ont_10175.owl,152041,13.16614914
ore_ont_2302.owl,1800000,13.17553711
ore_ont_6120.owl,17472.33333,13.18154716
ore_ont_5755.owl,7569.333333,13.25156116
ore_ont_9567.owl,6791.666667,13.25159645
ore_ont_15237.owl,309222,13.3898201
ore_ont_15249.owl,932653.3333,13.46387863
ore_ont_14881.owl,1800000,13.54389286
ore_ont_12448.owl,14562.33333,13.56869698
ore_ont_9046.owl,12960,13.61012363
ore_ont_15172.owl,11762,13.61017036
ore_ont_14556.owl,53183.66667,14.41558075
ore_ont_7914.owl,1800000,14.65846157
ore_ont_11559.owl,13678,14.67468071
ore_ont_6726.owl,207589.6667,14.67975998
ore_ont_13902.owl,10728.66667,14.92813969
ore_ont_3816.owl,-1,14.95966625
ore_ont_13708.owl,-1,15.02269268
ore_ont_11457.owl,-1,15.02269936
ore_ont_16315.owl,1800000,15.08332443
ore_ont_10008.owl,578504.6667,15.10685825
ore_ont_8723.owl,1800000,15.1639204
ore_ont_16184.owl,-1,15.16496563
ore_ont_795.owl,191106.6667,15.20564747
ore_ont_14025.owl,1800000,15.35800076
ore_ont_12522.owl,1800000,15.4660902
ore_ont_1123.owl,-1,15.77869129
ore_ont_3873.owl,14406.66667,15.81109905
ore_ont_5781.owl,203595,15.86326313
ore_ont_16511.owl,4163.666667,16.14371872
ore_ont_4782.owl,1800000,16.32419682
ore_ont_11207.owl,1800000,16.38891888
ore_ont_3794.owl,1800000,16.46640015
ore_ont_1270.owl,602703.3333,16.4829998
ore_ont_6816.owl,25289,16.73285675
ore_ont_15372.owl,5894,16.77594566
ore_ont_10127.owl,3823.333333,17.01851654
ore_ont_15696.owl,17850.33333,17.0254612
ore_ont_8557.owl,6877.666667,17.11149025
ore_ont_3508.owl,19318.66667,17.15683651
ore_ont_11293.owl,-1,17.1859684
ore_ont_4166.owl,327685.3333,17.19243622
ore_ont_15929.owl,-1,17.26588631
ore_ont_8858.owl,246380.6667,17.6421051
ore_ont_10248.owl,-1,17.66466713
ore_ont_5612.owl,-1,17.66534328
ore_ont_13276.owl,1800000,17.76690292
ore_ont_13928.owl,1800000,17.95789337
ore_ont_15226.owl,1564567,17.95860481
ore_ont_9835.owl,1800000,18.01024151
ore_ont_7127.owl,1800000,18.01443768
ore_ont_5289.owl,1800000,18.01639462
ore_ont_8068.owl,12606,18.17433453
ore_ont_2361.owl,20696,18.19114399
ore_ont_5549.owl,17135,18.19115448
ore_ont_14221.owl,136192.3333,18.25601387
ore_ont_2803.owl,-1,18.27662563
ore_ont_16089.owl,-1,18.27745247
ore_ont_2415.owl,31912.66667,18.39204693
ore_ont_2738.owl,1800000,18.39905739
ore_ont_14351.owl,-1,18.48353958
ore_ont_16680.owl,-1,18.64345646
ore_ont_14601.owl,8208.333333,18.71161652
ore_ont_4233.owl,9933.666667,18.84054279
ore_ont_10068.owl,10481.33333,18.86863804
ore_ont_3215.owl,1800000,19.1984787
ore_ont_5927.owl,105827,19.24261665
ore_ont_10032.owl,23404.66667,19.2432003
ore_ont_11005.owl,1800000,19.36721325
ore_ont_12414.owl,14071.33333,19.43308544
ore_ont_13937.owl,677200,19.59838772
ore_ont_6722.owl,30060.66667,19.74960899
ore_ont_6952.owl,1800000,19.7738905
ore_ont_11053.owl,257619.3333,19.93083477
ore_ont_15695.owl,1800000,20.02645969
ore_ont_10136.owl,79258,20.14438343
ore_ont_16235.owl,38873.66667,20.18091106
ore_ont_13242.owl,1800000,20.18759537
ore_ont_9663.owl,1800000,20.66855907
ore_ont_4033.owl,204731.3333,20.83541965
ore_ont_15687.owl,1800000,20.95690536
ore_ont_16767.owl,2803,20.98715115
ore_ont_14742.owl,1800000,21.04108334
ore_ont_7868.owl,164435.3333,21.0702858
ore_ont_1043.owl,-1,21.08479309
ore_ont_955.owl,1800000,21.12581921
ore_ont_13969.owl,81891.66667,21.80721378
ore_ont_12651.owl,66191.33333,21.80723381
ore_ont_4744.owl,77003.33333,21.80725956
ore_ont_11519.owl,220044,21.89549255
ore_ont_6712.owl,43973.66667,21.9072237
ore_ont_2874.owl,1800000,22.34353638
ore_ont_3733.owl,28172.66667,22.37577534
ore_ont_4054.owl,77968.33333,22.49899483
ore_ont_5358.owl,85323,22.49902916
ore_ont_9886.owl,621243.6667,22.58944416
ore_ont_1357.owl,20429.33333,22.59029293
ore_ont_14355.owl,18778.66667,22.63879776
ore_ont_15133.owl,23561.66667,22.63960648
ore_ont_11827.owl,23219.33333,22.63965321
ore_ont_12208.owl,98500,22.6482954
ore_ont_4802.owl,-1,22.64902401
ore_ont_283.owl,501689.3333,22.67383575
ore_ont_8445.owl,-1,22.73039436
ore_ont_4669.owl,-1,22.73392677
ore_ont_16286.owl,133644,22.87325859
ore_ont_11287.owl,-1,22.9075346
ore_ont_7496.owl,19050.66667,22.94287586
ore_ont_14154.owl,1800000,23.01068401
ore_ont_15725.owl,143634.6667,23.1733427
ore_ont_16444.owl,72474.33333,23.21756649
ore_ont_3100.owl,109442.3333,23.27564621
ore_ont_13423.owl,105939.6667,23.2756834
ore_ont_11459.owl,81800.33333,23.27571678
ore_ont_6627.owl,1800000,23.70310497
ore_ont_3696.owl,16845.33333,23.88264179
ore_ont_12012.owl,20668.33333,23.93589973
ore_ont_14817.owl,1800000,23.93959618
ore_ont_9791.owl,1800000,23.94684982
ore_ont_13229.owl,1800000,23.94722843
ore_ont_5162.owl,1800000,23.94736004
ore_ont_2504.owl,20418,24.0450592
ore_ont_4242.owl,8445,24.15146828
ore_ont_12985.owl,829216,24.16392422
ore_ont_8787.owl,104918.3333,24.39130592
ore_ont_954.owl,-1,24.41140175
ore_ont_13224.owl,-1,24.90990543
ore_ont_2820.owl,1800000,25.10409927
ore_ont_1370.owl,-1,25.26294994
ore_ont_7728.owl,1135403,25.72570705
ore_ont_2134.owl,887168.3333,25.99805737
ore_ont_11778.owl,18119.66667,26.53958511
ore_ont_16519.owl,587898.6667,26.68234921
ore_ont_4755.owl,23820.33333,26.76359558
ore_ont_14861.owl,40396.33333,26.85911274
ore_ont_15621.owl,1800000,26.9373188
ore_ont_10838.owl,1800000,27.26147747
ore_ont_11270.owl,1800000,27.42653847
ore_ont_10621.owl,1800000,27.42658615
ore_ont_7343.owl,12568.33333,28.43096828
ore_ont_318.owl,20680.33333,28.59618092
ore_ont_2828.owl,234275.3333,28.78842926
ore_ont_3087.owl,1773913.667,29.48240662
ore_ont_1820.owl,1800000,29.48647308
ore_ont_2469.owl,20520.66667,29.55551243
ore_ont_7567.owl,1746190.333,29.79520512
ore_ont_16829.owl,27724,29.862957
ore_ont_6833.owl,25403.66667,30.16203308
ore_ont_10697.owl,1800000,30.28242779
ore_ont_6223.owl,20420.66667,30.36809158
ore_ont_9767.owl,22320,30.36809921
ore_ont_5418.owl,22607.66667,30.41293335
ore_ont_10140.owl,1800000,30.42796707
ore_ont_6896.owl,1800000,30.67559719
ore_ont_4952.owl,1800000,30.83460522
ore_ont_8145.owl,11798.66667,31.07525826
ore_ont_15125.owl,14517.33333,31.07570362
ore_ont_16428.owl,154576,31.17555332
ore_ont_4598.owl,25220.66667,32.27863121
ore_ont_8982.owl,1368851,32.76984978
ore_ont_9413.owl,24614,32.82592964
ore_ont_8194.owl,84109,32.8377676
ore_ont_8475.owl,1800000,32.93558311
ore_ont_2046.owl,155059.6667,33.0365715
ore_ont_1182.owl,1800000,33.32478809
ore_ont_4208.owl,1800000,34.02565098
ore_ont_1938.owl,1800000,34.28264904
ore_ont_12743.owl,1800000,34.28369617
ore_ont_7409.owl,1800000,34.44476891
ore_ont_11745.owl,1800000,34.47898388
ore_ont_4604.owl,1800000,34.77012157
ore_ont_7581.owl,1800000,35.12728405
ore_ont_4557.owl,669964,35.26832581
ore_ont_5566.owl,1323166.667,36.08372116
ore_ont_11315.owl,110835.6667,36.26597214
ore_ont_11899.owl,62098,36.37700844
ore_ont_9400.owl,-1,36.40449333
ore_ont_5602.owl,631969.6667,36.73947525
ore_ont_11037.owl,1800000,36.80195618
ore_ont_762.owl,858185.3333,36.83875084
ore_ont_2082.owl,1800000,37.52897549
ore_ont_9768.owl,486935.3333,37.71809196
ore_ont_15846.owl,1800000,38.37958527
ore_ont_5753.owl,-1,38.46032238
ore_ont_1579.owl,1800000,38.46091652
ore_ont_751.owl,27353.33333,38.53112984
ore_ont_9499.owl,70121.33333,38.64362717
ore_ont_14216.owl,479398,38.97206211
ore_ont_7340.owl,910566,39.02655411
ore_ont_8671.owl,1800000,39.03347015
ore_ont_11464.owl,11408.33333,39.11659145
ore_ont_12901.owl,337726,39.38913631
ore_ont_5769.owl,10845.66667,39.48400307
ore_ont_7557.owl,1800000,39.64933681
ore_ont_5295.owl,1800000,39.74469757
ore_ont_11460.owl,1800000,39.74588871
ore_ont_20.owl,-1,39.77483177
ore_ont_5481.owl,18304.66667,39.94679451
ore_ont_10073.owl,19754.66667,39.94682884
ore_ont_12993.owl,118069,40.64553356
ore_ont_5218.owl,1800000,40.75480747
ore_ont_3575.owl,1800000,40.75486183
ore_ont_2253.owl,537284.6667,40.82552242
ore_ont_5141.owl,100504,41.69117832
ore_ont_2111.owl,1800000,41.96396542
ore_ont_1886.owl,18414.33333,42.22924614
ore_ont_16701.owl,1800000,42.73284245
ore_ont_4410.owl,4883.333333,43.02495575
ore_ont_2243.owl,18699,43.0898037
ore_ont_7370.owl,1009922.667,43.1492157
ore_ont_11389.owl,14189.66667,43.40205669
ore_ont_6835.owl,1800000,43.97412205
ore_ont_3164.owl,1800000,44.15567303
ore_ont_15418.owl,1800000,44.45759964
ore_ont_1199.owl,1800000,44.73250389
ore_ont_12087.owl,1287119,44.85426998
ore_ont_3274.owl,1225573.667,44.94361019
ore_ont_4577.owl,19619.33333,45.04679394
ore_ont_14607.owl,13853,45.13331795
ore_ont_10016.owl,1035195.333,45.16287041
ore_ont_7993.owl,558317,45.51727009
ore_ont_1821.owl,3084,46.56851864
ore_ont_9809.owl,1800000,47.44656086
ore_ont_7729.owl,1800000,47.67501736
ore_ont_12528.owl,-1,48.0265255
ore_ont_14308.owl,-1,48.02829075
ore_ont_13106.owl,1800000,48.15113354
ore_ont_16462.owl,1800000,48.18965244
ore_ont_12387.owl,40695,48.24858665
ore_ont_5760.owl,824106,48.52894592
ore_ont_7908.owl,1800000,49.12919807
ore_ont_16596.owl,1800000,49.12919807
ore_ont_6477.owl,1800000,49.13612175
ore_ont_15976.owl,30696.66667,49.25150967
ore_ont_4510.owl,2692.666667,49.46436024
ore_ont_10929.owl,2297,49.56063366
ore_ont_10380.owl,-1,49.85599899
ore_ont_13846.owl,39970.33333,50.45704174
ore_ont_2622.owl,11963.33333,50.64206219
ore_ont_5519.owl,46037,51.66500473
ore_ont_9027.owl,160507.3333,52.02205372
ore_ont_2513.owl,1800000,52.09285164
ore_ont_3658.owl,-1,53.01604652
ore_ont_9958.owl,1800000,53.0959177
ore_ont_4572.owl,14956,53.17106819
ore_ont_13591.owl,8000.333333,53.5829916
ore_ont_5596.owl,11007.33333,53.58796406
ore_ont_6682.owl,155848.6667,57.04635334
ore_ont_15635.owl,-1,58.07442379
ore_ont_3560.owl,1800000,58.27265549
ore_ont_3133.owl,14777,60.43800163
ore_ont_12203.owl,-1,62.0704174
ore_ont_5475.owl,36013.33333,62.42314529
ore_ont_7578.owl,-1,62.42325592
ore_ont_4187.owl,1800000,63.39146996
ore_ont_13355.owl,47165.66667,64.35555077
ore_ont_2486.owl,-1,64.64047718
ore_ont_4412.owl,51538.33333,68.95948887
ore_ont_16414.owl,1800000,74.40624428
ore_ont_1194.owl,-1,74.78940868
ore_ont_5857.owl,1800000,77.32690048
ore_ont_10445.owl,20403.33333,79.30698776
ore_ont_10125.owl,-1,80.34625912
ore_ont_9498.owl,63092,81.6967392
ore_ont_7246.owl,1800000,83.42101955
ore_ont_10568.owl,-1,92.80063152
ore_ont_12128.owl,1800000,93.81557178
ore_ont_7507.owl,1800000,94.41935253
ore_ont_6233.owl,-1,96.79981136
ore_ont_1306.owl,-1,98.08680916
ore_ont_9654.owl,1800000,98.44783688
ore_ont_12351.owl,-1,103.3121548
ore_ont_12567.owl,-1,105.6553316
ore_ont_16457.owl,1800000,105.7631741
ore_ont_345.owl,1800000,106.2656784
ore_ont_2574.owl,16848.66667,109.6675072
ore_ont_4205.owl,1800000,113.1645184
ore_ont_16586.owl,1800000,113.1685371
ore_ont_1673.owl,1800000,117.3492231
ore_ont_9794.owl,26717.66667,121.092864
ore_ont_10161.owl,28906.66667,121.0933094
ore_ont_11739.owl,57326,122.5668974
ore_ont_6948.owl,-1,125.4689245
ore_ont_15803.owl,1800000,126.1592264
ore_ont_3377.owl,175931.3333,126.1916552
ore_ont_16008.owl,94868,126.527771
ore_ont_6212.owl,1800000,130.6580524
ore_ont_10750.owl,-1,132.4671555
ore_ont_3914.owl,-1,133.7466536
ore_ont_1012.owl,-1,139.2794418
ore_ont_14459.owl,-1,146.52526
ore_ont_13647.owl,27681.66667,148.1228285
ore_ont_14042.owl,-1,151.7335501
ore_ont_8486.owl,-1,156.2746696
ore_ont_15280.owl,-1,159.6622086
ore_ont_11395.owl,-1,165.7967072
ore_ont_10689.owl,177856.6667,169.8203621
ore_ont_9674.owl,148898.3333,169.8204117
ore_ont_868.owl,155752,169.8208141
ore_ont_13482.owl,-1,170.4978056
ore_ont_2121.owl,1800000,171.2428598
ore_ont_4911.owl,2986.333333,192.8564558
ore_ont_15703.owl,1800000,262.0541792
ore_ont_3524.owl,1800000,291.3307104
ore_ont_7646.owl,-1,319.9898386
ore_ont_3836.owl,96790,333.4240408
ore_ont_15203.owl,1800000,375.5944242
ore_ont_1559.owl,1800000,375.5953817
ore_ont_8737.owl,1800000,450.4678793
ore_ont_7192.owl,-1,526.7066021
ore_ont_15059.owl,1301057.333,550.0112677
ore_ont_16744.owl,1800000,550.0125074
ore_ont_10926.owl,1800000,557.1501484
ore_ont_12898.owl,279307.3333,563.454546
